0,fedgsl,gnn_fedgsl_gcn,1,computers,5,64,0.0,1,0.03,0.0,0.8498886560344234,357.72781949043275,0.03,64,64,64,5,256
1,fedgsl,gnn_fedgsl_gcn,1,computers,5,64,0.0,1,0.03,0.0,0.8254677807518569,401.28365310430524,0.03,64,64,64,5,256
2,fedgsl,gnn_fedgsl_gcn,1,computers,5,64,0.0,1,0.03,0.0,0.670342589231487,628.3705158233643,0.03,64,64,64,5,256
3,fedgsl,gnn_fedgsl_gcn,1,computers,5,64,0.0,1,0.03,0.0,0.8548643914227336,333.86735088825225,0.03,64,64,64,5,256
4,fedgsl,gnn_fedgsl_gcn,1,computers,5,64,0.0,1,0.03,0.0,0.8399353807305525,342.6635893821716,0.03,64,64,64,5,256
0,fedgsl,gnn_fedgsl_gcn,1,computers,5,64,0.0,1,0.03,0.0,0.7462390801753707,499.78726197481154,0.03,64,64,64,10,256
1,fedgsl,gnn_fedgsl_gcn,1,computers,5,64,0.0,1,0.03,0.0,0.8415455119293412,380.81825839281083,0.03,64,64,64,10,256
2,fedgsl,gnn_fedgsl_gcn,1,computers,5,64,0.0,1,0.03,0.0,0.7326873778210475,524.3766352415084,0.03,64,64,64,10,256
3,fedgsl,gnn_fedgsl_gcn,1,computers,5,64,0.0,1,0.03,0.0,0.8545964007178457,348.1688623547554,0.03,64,64,64,10,256
4,fedgsl,gnn_fedgsl_gcn,1,computers,5,64,0.0,1,0.03,0.0,0.8467431236129311,310.81636986732485,0.03,64,64,64,10,256
0,fedgsl,gnn_fedgsl_gcn,1,computers,5,64,0.0,1,0.03,0.0,0.8291245583116155,395.3891450166702,0.03,64,64,64,15,256
1,fedgsl,gnn_fedgsl_gcn,1,computers,5,64,0.0,1,0.03,0.0,0.8424591490582742,325.3893907189369,0.03,64,64,64,15,256
2,fedgsl,gnn_fedgsl_gcn,1,computers,5,64,0.0,1,0.03,0.0,0.6969180364726711,626.8923919916153,0.03,64,64,64,15,256
3,fedgsl,gnn_fedgsl_gcn,1,computers,5,64,0.0,1,0.03,0.0,0.8598089178736465,293.54995601177217,0.03,64,64,64,15,256
4,fedgsl,gnn_fedgsl_gcn,1,computers,5,64,0.0,1,0.03,0.0,0.8587507676240088,298.5483607411385,0.03,64,64,64,15,256
0,fedgsl,gnn_fedgsl_gcn,1,computers,5,64,0.0,1,0.03,0.0,0.8273315653401918,388.98433310985564,0.03,64,64,64,20,256
1,fedgsl,gnn_fedgsl_gcn,1,computers,5,64,0.0,1,0.03,0.0,0.8693364135005309,314.4658801078796,0.03,64,64,64,20,256
2,fedgsl,gnn_fedgsl_gcn,1,computers,5,64,0.0,1,0.03,0.0,0.7222898794835937,563.2790283083916,0.03,64,64,64,20,256
3,fedgsl,gnn_fedgsl_gcn,1,computers,5,64,0.0,1,0.03,0.0,0.8577824433818669,308.1976089119911,0.03,64,64,64,20,256
4,fedgsl,gnn_fedgsl_gcn,1,computers,5,64,0.0,1,0.03,0.0,0.8308678700524397,421.1270146012306,0.03,64,64,64,20,256
0,fedgsl,gnn_fedgsl_gcn,1,computers,5,64,0.0,1,0.03,0.0,0.8357072163059385,369.60782968997955,0.03,64,64,64,25,256
1,fedgsl,gnn_fedgsl_gcn,1,computers,5,64,0.0,1,0.03,0.0,0.8121839713624486,372.95491255521773,0.03,64,64,64,25,256
2,fedgsl,gnn_fedgsl_gcn,1,computers,5,64,0.0,1,0.03,0.0,0.7366351248949401,626.045768237114,0.03,64,64,64,25,256
3,fedgsl,gnn_fedgsl_gcn,1,computers,5,64,0.0,1,0.03,0.0,0.8508317952873483,294.79295306801794,0.03,64,64,64,25,256
4,fedgsl,gnn_fedgsl_gcn,1,computers,5,64,0.0,1,0.03,0.0,0.830962414834367,346.29491649866105,0.03,64,64,64,25,256
0,fedgsl,gnn_fedgsl_gcn,1,computers,5,64,0.0,1,0.03,0.0,0.8727727115800539,291.4999638080597,0.03,64,64,64,30,256
1,fedgsl,gnn_fedgsl_gcn,1,computers,5,64,0.0,1,0.03,0.0,0.8580849203941675,333.18174669742587,0.03,64,64,64,30,256
2,fedgsl,gnn_fedgsl_gcn,1,computers,5,64,0.0,1,0.03,0.0,0.7061343846436813,530.513926422596,0.03,64,64,64,30,256
3,fedgsl,gnn_fedgsl_gcn,1,computers,5,64,0.0,1,0.03,0.0,0.8649856978768182,283.4343522429466,0.03,64,64,64,30,256
4,fedgsl,gnn_fedgsl_gcn,1,computers,5,64,0.0,1,0.03,0.0,0.8213076637087872,346.99038833379745,0.03,64,64,64,30,256
0,fedgsl,gnn_fedgsl_gcn,1,computers,5,64,0.0,1,0.03,0.0,0.8452464932291995,348.63468742370605,0.03,64,64,64,35,256
1,fedgsl,gnn_fedgsl_gcn,1,computers,5,64,0.0,1,0.03,0.0,0.8082158714403821,394.3060453176498,0.03,64,64,64,35,256
2,fedgsl,gnn_fedgsl_gcn,1,computers,5,64,0.0,1,0.03,0.0,0.6824688110602688,549.7242719531059,0.03,64,64,64,35,256
3,fedgsl,gnn_fedgsl_gcn,1,computers,5,64,0.0,1,0.03,0.0,0.8515935141720543,349.1824031472206,0.03,64,64,64,35,256
4,fedgsl,gnn_fedgsl_gcn,1,computers,5,64,0.0,1,0.03,0.0,0.7970259374230371,485.5823531270027,0.03,64,64,64,35,256
0,fedgsl,gnn_fedgsl_gcn,1,computers,5,64,0.0,1,0.03,0.0,0.8313008955731533,343.9506876349449,0.03,64,64,64,40,256
1,fedgsl,gnn_fedgsl_gcn,1,computers,5,64,0.0,1,0.03,0.0,0.8028398212481264,409.9704748272896,0.03,64,64,64,40,256
2,fedgsl,gnn_fedgsl_gcn,1,computers,5,64,0.0,1,0.03,0.0,0.7147964829678164,589.0078612804413,0.03,64,64,64,40,256
3,fedgsl,gnn_fedgsl_gcn,1,computers,5,64,0.0,1,0.03,0.0,0.8537088593365756,291.6242609381676,0.03,64,64,64,40,256
4,fedgsl,gnn_fedgsl_gcn,1,computers,5,64,0.0,1,0.03,0.0,0.79885615486469,386.3035277366638,0.03,64,64,64,40,256
0,fedgsl,gnn_fedgsl_gcn,1,computers,5,64,0.0,1,0.03,0.0,0.772624945723552,476.1259761452675,0.03,64,256,64,5,256
1,fedgsl,gnn_fedgsl_gcn,1,computers,5,64,0.0,1,0.03,0.0,0.6017024548512542,1049.6678313732148,0.03,64,256,64,5,256
2,fedgsl,gnn_fedgsl_gcn,1,computers,5,64,0.0,1,0.03,0.0,0.8374890877791499,348.154844892025,0.03,64,256,64,5,256
3,fedgsl,gnn_fedgsl_gcn,1,computers,5,64,0.0,1,0.03,0.0,0.7833851616916722,379.1548055171967,0.03,64,256,64,5,256
4,fedgsl,gnn_fedgsl_gcn,1,computers,5,64,0.0,1,0.03,0.0,0.8372091336209705,325.8484882593155,0.03,64,256,64,5,256
0,fedgsl,gnn_fedgsl_gcn,1,computers,5,64,0.0,1,0.03,0.0,0.6855006376326693,586.0322866678238,0.03,64,256,64,10,256
1,fedgsl,gnn_fedgsl_gcn,1,computers,5,64,0.0,1,0.03,0.0,0.7101950716131795,522.122012770176,0.03,64,256,64,10,256
2,fedgsl,gnn_fedgsl_gcn,1,computers,5,64,0.0,1,0.03,0.0,0.84848823989407,338.2932561159134,0.03,64,256,64,10,256
3,fedgsl,gnn_fedgsl_gcn,1,computers,5,64,0.0,1,0.03,0.0,0.80033950215961,399.61747579574586,0.03,64,256,64,10,256
4,fedgsl,gnn_fedgsl_gcn,1,computers,5,64,0.0,1,0.03,0.0,0.8443953271125982,315.8302814245224,0.03,64,256,64,10,256
0,fedgsl,gnn_fedgsl_gcn,1,computers,5,64,0.0,1,0.03,0.0,0.7877958224232882,373.52827885150907,0.03,64,256,64,15,256
1,fedgsl,gnn_fedgsl_gcn,1,computers,5,64,0.0,1,0.03,0.0,0.6027314756668863,647.2207509279251,0.03,64,256,64,15,256
2,fedgsl,gnn_fedgsl_gcn,1,computers,5,64,0.0,1,0.03,0.0,0.8501656670088158,354.8781799435616,0.03,64,256,64,15,256
3,fedgsl,gnn_fedgsl_gcn,1,computers,5,64,0.0,1,0.03,0.0,0.8533851718682562,300.3119439601898,0.03,64,256,64,15,256
4,fedgsl,gnn_fedgsl_gcn,1,computers,5,64,0.0,1,0.03,0.0,0.8657248866699856,337.223163831234,0.03,64,256,64,15,256
0,fedgsl,gnn_fedgsl_gcn,1,computers,5,64,0.0,1,0.03,0.0,0.7294634363876702,430.92476269006727,0.03,64,256,64,20,256
1,fedgsl,gnn_fedgsl_gcn,1,computers,5,64,0.0,1,0.03,0.0,0.5707319205641775,1043.3283296346665,0.03,64,256,64,20,256
2,fedgsl,gnn_fedgsl_gcn,1,computers,5,64,0.0,1,0.03,0.0,0.8591246972423793,269.4668543636799,0.03,64,256,64,20,256
3,fedgsl,gnn_fedgsl_gcn,1,computers,5,64,0.0,1,0.03,0.0,0.8565670650795824,294.0135512828827,0.03,64,256,64,20,256
4,fedgsl,gnn_fedgsl_gcn,1,computers,5,64,0.0,1,0.03,0.0,0.8335093887045577,328.3268473982811,0.03,64,256,64,20,256
0,fedgsl,gnn_fedgsl_gcn,1,computers,5,64,0.0,1,0.03,0.0,0.6038884106537025,1025.7931203126907,0.03,64,256,64,25,256
1,fedgsl,gnn_fedgsl_gcn,1,computers,5,64,0.0,1,0.03,0.0,0.5729422881780033,1189.640818452835,0.03,64,256,64,25,256
2,fedgsl,gnn_fedgsl_gcn,1,computers,5,64,0.0,1,0.03,0.0,0.8205036445160724,372.67793061733244,0.03,64,256,64,25,256
3,fedgsl,gnn_fedgsl_gcn,1,computers,5,64,0.0,1,0.03,0.0,0.8456719701583062,299.99804936647416,0.03,64,256,64,25,256
4,fedgsl,gnn_fedgsl_gcn,1,computers,5,64,0.0,1,0.03,0.0,0.8332927703909085,311.82794215679166,0.03,64,256,64,25,256
0,fedgsl,gnn_fedgsl_gcn,1,computers,5,64,0.0,1,0.03,0.0,0.6158942573618832,1042.8962541818619,0.03,64,256,64,30,256
1,fedgsl,gnn_fedgsl_gcn,1,computers,5,64,0.0,1,0.03,0.0,0.8148177520286273,380.5655944943428,0.03,64,256,64,30,256
2,fedgsl,gnn_fedgsl_gcn,1,computers,5,64,0.0,1,0.03,0.0,0.8358037477720315,338.2699754595757,0.03,64,256,64,30,256
3,fedgsl,gnn_fedgsl_gcn,1,computers,5,64,0.0,1,0.03,0.0,0.8207300490396481,371.94505031108855,0.03,64,256,64,30,256
4,fedgsl,gnn_fedgsl_gcn,1,computers,5,64,0.0,1,0.03,0.0,0.8099624750260567,381.0913649082184,0.03,64,256,64,30,256
0,fedgsl,gnn_fedgsl_gcn,1,computers,5,64,0.0,1,0.03,0.0,0.8173122305038092,344.61311637163163,0.03,64,256,64,35,256
1,fedgsl,gnn_fedgsl_gcn,1,computers,5,64,0.0,1,0.03,0.0,0.5666837880819593,1191.2490822792054,0.03,64,256,64,35,256
2,fedgsl,gnn_fedgsl_gcn,1,computers,5,64,0.0,1,0.03,0.0,0.8433206996562082,350.7344025850296,0.03,64,256,64,35,256
3,fedgsl,gnn_fedgsl_gcn,1,computers,5,64,0.0,1,0.03,0.0,0.8501863093079658,334.3929220914841,0.03,64,256,64,35,256
4,fedgsl,gnn_fedgsl_gcn,1,computers,5,64,0.0,1,0.03,0.0,0.76775638563217,412.8876556277275,0.03,64,256,64,35,256
0,fedgsl,gnn_fedgsl_gcn,1,computers,5,64,0.0,1,0.03,0.0,0.7766931584075374,417.53160207271577,0.03,64,256,64,40,256
1,fedgsl,gnn_fedgsl_gcn,1,computers,5,64,0.0,1,0.03,0.0,0.5674233411758923,1043.953654074669,0.03,64,256,64,40,256
2,fedgsl,gnn_fedgsl_gcn,1,computers,5,64,0.0,1,0.03,0.0,0.8146604479613234,380.0766188621521,0.03,64,256,64,40,256
3,fedgsl,gnn_fedgsl_gcn,1,computers,5,64,0.0,1,0.03,0.0,0.8070292365460208,329.9047221660614,0.03,64,256,64,40,256
4,fedgsl,gnn_fedgsl_gcn,1,computers,5,64,0.0,1,0.03,0.0,0.8365285847750215,318.24505760669706,0.03,64,256,64,40,256
0,fedgsl,gnn_fedgsl_gcn,1,computers,5,64,0.0,1,0.03,0.0,0.6509500653362688,807.757112288475,0.03,256,64,64,5,256
1,fedgsl,gnn_fedgsl_gcn,1,computers,5,64,0.0,1,0.03,0.0,0.5655919862556343,1040.5233462095262,0.03,256,64,64,5,256
2,fedgsl,gnn_fedgsl_gcn,1,computers,5,64,0.0,1,0.03,0.0,0.18014645526035092,1250.0852181434632,0.03,256,64,64,5,256
3,fedgsl,gnn_fedgsl_gcn,1,computers,5,64,0.0,1,0.03,0.0,0.8078459851455128,364.67893518209456,0.03,256,64,64,5,256
4,fedgsl,gnn_fedgsl_gcn,1,computers,5,64,0.0,1,0.03,0.0,0.0772586960259776,1049.8276597499848,0.03,256,64,64,5,256
0,fedgsl,gnn_fedgsl_gcn,1,computers,5,64,0.0,1,0.03,0.0,0.599665716469107,937.3528683662414,0.03,256,64,64,10,256
1,fedgsl,gnn_fedgsl_gcn,1,computers,5,64,0.0,1,0.03,0.0,0.5674233411758923,1040.2192202091217,0.03,256,64,64,10,256
2,fedgsl,gnn_fedgsl_gcn,1,computers,5,64,0.0,1,0.03,0.0,0.18014645526035092,1053.3523111581803,0.03,256,64,64,10,256
3,fedgsl,gnn_fedgsl_gcn,1,computers,5,64,0.0,1,0.03,0.0,0.7949490241625206,387.8915881156921,0.03,256,64,64,10,256
4,fedgsl,gnn_fedgsl_gcn,1,computers,5,64,0.0,1,0.03,0.0,0.5674233411758923,1025.5660337209702,0.03,256,64,64,10,256
0,fedgsl,gnn_fedgsl_gcn,1,computers,5,64,0.0,1,0.03,0.0,0.703040534611789,495.6334652066231,0.03,256,64,64,15,256
1,fedgsl,gnn_fedgsl_gcn,1,computers,5,64,0.0,1,0.03,0.0,0.5677557907421444,976.200420331955,0.03,256,64,64,15,256
2,fedgsl,gnn_fedgsl_gcn,1,computers,5,64,0.0,1,0.03,0.0,0.18014645526035092,1054.6271522521972,0.03,256,64,64,15,256
3,fedgsl,gnn_fedgsl_gcn,1,computers,5,64,0.0,1,0.03,0.0,0.7345697335943612,427.81406527757645,0.03,256,64,64,15,256
4,fedgsl,gnn_fedgsl_gcn,1,computers,5,64,0.0,1,0.03,0.0,0.5674233411758923,1021.4203011989594,0.03,256,64,64,15,256
0,fedgsl,gnn_fedgsl_gcn,1,computers,5,64,0.0,1,0.03,0.0,0.7272735350016938,505.1111836791039,0.03,256,64,64,20,256
1,fedgsl,gnn_fedgsl_gcn,1,computers,5,64,0.0,1,0.03,0.0,0.5674233411758923,1044.07302005291,0.03,256,64,64,20,256
2,fedgsl,gnn_fedgsl_gcn,1,computers,5,64,0.0,1,0.03,0.0,0.18014645526035092,1054.9737057209015,0.03,256,64,64,20,256
3,fedgsl,gnn_fedgsl_gcn,1,computers,5,64,0.0,1,0.03,0.0,0.8333843792264666,351.1617889881134,0.03,256,64,64,20,256
4,fedgsl,gnn_fedgsl_gcn,1,computers,5,64,0.0,1,0.03,0.0,0.17517150753777916,1028.4561090946197,0.03,256,64,64,20,256
0,fedgsl,gnn_fedgsl_gcn,1,computers,5,64,0.0,1,0.03,0.0,0.5937502181027279,717.6312177419662,0.03,256,64,64,25,256
1,fedgsl,gnn_fedgsl_gcn,1,computers,5,64,0.0,1,0.03,0.0,0.5674233411758923,1124.5410621643066,0.03,256,64,64,25,256
2,fedgsl,gnn_fedgsl_gcn,1,computers,5,64,0.0,1,0.03,0.0,0.18014645526035092,1054.9936111688614,0.03,256,64,64,25,256
3,fedgsl,gnn_fedgsl_gcn,1,computers,5,64,0.0,1,0.03,0.0,0.7966388996353525,454.4160036563873,0.03,256,64,64,25,256
4,fedgsl,gnn_fedgsl_gcn,1,computers,5,64,0.0,1,0.03,0.0,0.5375570498358093,1228.6550664901733,0.03,256,64,64,25,256
0,fedgsl,gnn_fedgsl_gcn,1,computers,5,64,0.0,1,0.03,0.0,0.5903187148253572,634.7510009288787,0.03,256,64,64,30,256
1,fedgsl,gnn_fedgsl_gcn,1,computers,5,64,0.0,1,0.03,0.0,0.5674233411758923,1049.3713005065918,0.03,256,64,64,30,256
2,fedgsl,gnn_fedgsl_gcn,1,computers,5,64,0.0,1,0.03,0.0,0.5746525249012938,1155.829069042206,0.03,256,64,64,30,256
3,fedgsl,gnn_fedgsl_gcn,1,computers,5,64,0.0,1,0.03,0.0,0.8055561687681063,353.4902696371079,0.03,256,64,64,30,256
4,fedgsl,gnn_fedgsl_gcn,1,computers,5,64,0.0,1,0.03,0.0,0.5674233411758923,1015.415070772171,0.03,256,64,64,30,256
0,fedgsl,gnn_fedgsl_gcn,1,computers,5,64,0.0,1,0.03,0.0,0.6869289624632852,551.7233730792999,0.03,256,64,64,35,256
1,fedgsl,gnn_fedgsl_gcn,1,computers,5,64,0.0,1,0.03,0.0,0.5655919862556343,1153.0688689231872,0.03,256,64,64,35,256
2,fedgsl,gnn_fedgsl_gcn,1,computers,5,64,0.0,1,0.03,0.0,0.5824950387362111,1028.9664849996566,0.03,256,64,64,35,256
3,fedgsl,gnn_fedgsl_gcn,1,computers,5,64,0.0,1,0.03,0.0,0.7853754358382802,488.2657183051109,0.03,256,64,64,35,256
4,fedgsl,gnn_fedgsl_gcn,1,computers,5,64,0.0,1,0.03,0.0,0.5674233411758923,1022.1160681962967,0.03,256,64,64,35,256
0,fedgsl,gnn_fedgsl_gcn,1,computers,5,64,0.0,1,0.03,0.0,0.6379270164477232,726.492527794838,0.03,256,64,64,40,256
1,fedgsl,gnn_fedgsl_gcn,1,computers,5,64,0.0,1,0.03,0.0,0.5659405559652908,1016.4112091064453,0.03,256,64,64,40,256
2,fedgsl,gnn_fedgsl_gcn,1,computers,5,64,0.0,1,0.03,0.0,0.5923867610236141,1079.2390750646591,0.03,256,64,64,40,256
3,fedgsl,gnn_fedgsl_gcn,1,computers,5,64,0.0,1,0.03,0.0,0.7830565733050705,420.2285762667656,0.03,256,64,64,40,256
4,fedgsl,gnn_fedgsl_gcn,1,computers,5,64,0.0,1,0.03,0.0,0.5674233411758923,1015.4248673915863,0.03,256,64,64,40,256
0,fedgsl,gnn_fedgsl_gcn,1,computers,5,64,0.0,1,0.03,0.0,0.7975719716296596,449.992161667347,0.03,256,256,64,5,256
1,fedgsl,gnn_fedgsl_gcn,1,computers,5,64,0.0,1,0.03,0.0,0.6488615529101626,631.3226901769638,0.03,256,256,64,5,256
2,fedgsl,gnn_fedgsl_gcn,1,computers,5,64,0.0,1,0.03,0.0,0.7262833404792413,484.29710931777953,0.03,256,256,64,5,256
3,fedgsl,gnn_fedgsl_gcn,1,computers,5,64,0.0,1,0.03,0.0,0.5678014130095408,940.0333860874176,0.03,256,256,64,5,256
4,fedgsl,gnn_fedgsl_gcn,1,computers,5,64,0.0,1,0.03,0.0,0.7350566646481594,524.2721097707748,0.03,256,256,64,5,256
0,fedgsl,gnn_fedgsl_gcn,1,computers,5,64,0.0,1,0.03,0.0,0.7700471500938493,474.2990497350693,0.03,256,256,64,10,256
1,fedgsl,gnn_fedgsl_gcn,1,computers,5,64,0.0,1,0.03,0.0,0.7799211515536368,414.3278995990753,0.03,256,256,64,10,256
2,fedgsl,gnn_fedgsl_gcn,1,computers,5,64,0.0,1,0.03,0.0,0.706323473042669,617.6442950487137,0.03,256,256,64,10,256
3,fedgsl,gnn_fedgsl_gcn,1,computers,5,64,0.0,1,0.03,0.0,0.5934791249342578,985.1313398838043,0.03,256,256,64,10,256
4,fedgsl,gnn_fedgsl_gcn,1,computers,5,64,0.0,1,0.03,0.0,0.721735342515477,516.6045742988587,0.03,256,256,64,10,256
0,fedgsl,gnn_fedgsl_gcn,1,computers,5,64,0.0,1,0.03,0.0,0.74340980723462,558.3103586435318,0.03,256,256,64,15,256
1,fedgsl,gnn_fedgsl_gcn,1,computers,5,64,0.0,1,0.03,0.0,0.6931347693677032,506.36559026241304,0.03,256,256,64,15,256
2,fedgsl,gnn_fedgsl_gcn,1,computers,5,64,0.0,1,0.03,0.0,0.7531013196378866,508.4282395362854,0.03,256,256,64,15,256
3,fedgsl,gnn_fedgsl_gcn,1,computers,5,64,0.0,1,0.03,0.0,0.5823687313348526,908.7402977705002,0.03,256,256,64,15,256
4,fedgsl,gnn_fedgsl_gcn,1,computers,5,64,0.0,1,0.03,0.0,0.7220367737035314,550.7953595161438,0.03,256,256,64,15,256
0,fedgsl,gnn_fedgsl_gcn,1,computers,5,64,0.0,1,0.03,0.0,0.7935602144121102,433.5278684616089,0.03,256,256,64,20,256
1,fedgsl,gnn_fedgsl_gcn,1,computers,5,64,0.0,1,0.03,0.0,0.7118743949225991,567.4749446868897,0.03,256,256,64,20,256
2,fedgsl,gnn_fedgsl_gcn,1,computers,5,64,0.0,1,0.03,0.0,0.7738698333872462,552.6901323080062,0.03,256,256,64,20,256
3,fedgsl,gnn_fedgsl_gcn,1,computers,5,64,0.0,1,0.03,0.0,0.5786332564901642,901.0461611509323,0.03,256,256,64,20,256
4,fedgsl,gnn_fedgsl_gcn,1,computers,5,64,0.0,1,0.03,0.0,0.7066514860349842,615.1903012752533,0.03,256,256,64,20,256
0,fedgsl,gnn_fedgsl_gcn,1,computers,5,64,0.0,1,0.03,0.0,0.7475667084474962,507.23397233486173,0.03,256,256,64,25,256
1,fedgsl,gnn_fedgsl_gcn,1,computers,5,64,0.0,1,0.03,0.0,0.5674233411758923,1004.5333974838256,0.03,256,256,64,25,256
2,fedgsl,gnn_fedgsl_gcn,1,computers,5,64,0.0,1,0.03,0.0,0.7359877716705536,502.9835818886757,0.03,256,256,64,25,256
3,fedgsl,gnn_fedgsl_gcn,1,computers,5,64,0.0,1,0.03,0.0,0.576148214425106,884.2226840257645,0.03,256,256,64,25,256
4,fedgsl,gnn_fedgsl_gcn,1,computers,5,64,0.0,1,0.03,0.0,0.7296932316609367,510.864182639122,0.03,256,256,64,25,256
0,fedgsl,gnn_fedgsl_gcn,1,computers,5,64,0.0,1,0.03,0.0,0.7463610403404811,487.98093844652175,0.03,256,256,64,30,256
1,fedgsl,gnn_fedgsl_gcn,1,computers,5,64,0.0,1,0.03,0.0,0.6785153283243048,642.0317564964295,0.03,256,256,64,30,256
2,fedgsl,gnn_fedgsl_gcn,1,computers,5,64,0.0,1,0.03,0.0,0.7428521594137006,506.8247669816017,0.03,256,256,64,30,256
3,fedgsl,gnn_fedgsl_gcn,1,computers,5,64,0.0,1,0.03,0.0,0.5713572286018198,903.0279134750366,0.03,256,256,64,30,256
4,fedgsl,gnn_fedgsl_gcn,1,computers,5,64,0.0,1,0.03,0.0,0.7375343559182276,480.5173565983772,0.03,256,256,64,30,256
0,fedgsl,gnn_fedgsl_gcn,1,computers,5,64,0.0,1,0.03,0.0,0.7441069394165153,529.8759647011757,0.03,256,256,64,35,256
1,fedgsl,gnn_fedgsl_gcn,1,computers,5,64,0.0,1,0.03,0.0,0.7246707437640427,507.45295001268386,0.03,256,256,64,35,256
2,fedgsl,gnn_fedgsl_gcn,1,computers,5,64,0.0,1,0.03,0.0,0.7408870702693733,538.3949926137924,0.03,256,256,64,35,256
3,fedgsl,gnn_fedgsl_gcn,1,computers,5,64,0.0,1,0.03,0.0,0.5763806573586331,889.291542506218,0.03,256,256,64,35,256
4,fedgsl,gnn_fedgsl_gcn,1,computers,5,64,0.0,1,0.03,0.0,0.7648450101819635,561.5759341597557,0.03,256,256,64,35,256
0,fedgsl,gnn_fedgsl_gcn,1,computers,5,64,0.0,1,0.03,0.0,0.7244631142815493,542.2470106124878,0.03,256,256,64,40,256
1,fedgsl,gnn_fedgsl_gcn,1,computers,5,64,0.0,1,0.03,0.0,0.7019131234612173,695.7898234128952,0.03,256,256,64,40,256
2,fedgsl,gnn_fedgsl_gcn,1,computers,5,64,0.0,1,0.03,0.0,0.7622424372883146,481.4780352473259,0.03,256,256,64,40,256
3,fedgsl,gnn_fedgsl_gcn,1,computers,5,64,0.0,1,0.03,0.0,0.5710132787748183,916.591365480423,0.03,256,256,64,40,256
4,fedgsl,gnn_fedgsl_gcn,1,computers,5,64,0.0,1,0.03,0.0,0.7408101256979683,523.3318694710731,0.03,256,256,64,40,256
0,fedgsl,gnn_fedgsl_gcn,1,computers,5,64,0.0,1,0.03,0.0,0.8739241774655909,272.9966284811497,0.03,64,64,256,5,256
1,fedgsl,gnn_fedgsl_gcn,1,computers,5,64,0.0,1,0.03,0.0,0.8512974326330534,300.2202456176281,0.03,64,64,256,5,256
2,fedgsl,gnn_fedgsl_gcn,1,computers,5,64,0.0,1,0.03,0.0,0.8041571711550493,381.7459767580032,0.03,64,64,256,5,256
3,fedgsl,gnn_fedgsl_gcn,1,computers,5,64,0.0,1,0.03,0.0,0.8297691950854379,348.955335855484,0.03,64,64,256,5,256
4,fedgsl,gnn_fedgsl_gcn,1,computers,5,64,0.0,1,0.03,0.0,0.8706351089704005,293.26290178895,0.03,64,64,256,5,256
0,fedgsl,gnn_fedgsl_gcn,1,computers,5,64,0.0,1,0.03,0.0,0.8580449577611222,301.50077761411666,0.03,64,64,256,10,256
1,fedgsl,gnn_fedgsl_gcn,1,computers,5,64,0.0,1,0.03,0.0,0.8345361478729474,342.47667027711867,0.03,64,64,256,10,256
2,fedgsl,gnn_fedgsl_gcn,1,computers,5,64,0.0,1,0.03,0.0,0.8132006415599677,349.13568912744523,0.03,64,64,256,10,256
3,fedgsl,gnn_fedgsl_gcn,1,computers,5,64,0.0,1,0.03,0.0,0.866860520698227,345.3506242275238,0.03,64,64,256,10,256
4,fedgsl,gnn_fedgsl_gcn,1,computers,5,64,0.0,1,0.03,0.0,0.8221752226151994,350.33111703395844,0.03,64,64,256,10,256
0,fedgsl,gnn_fedgsl_gcn,1,computers,5,64,0.0,1,0.03,0.0,0.8587079824112054,302.3145501255989,0.03,64,64,256,15,256
1,fedgsl,gnn_fedgsl_gcn,1,computers,5,64,0.0,1,0.03,0.0,0.7996408525586419,353.73201657533644,0.03,64,64,256,15,256
2,fedgsl,gnn_fedgsl_gcn,1,computers,5,64,0.0,1,0.03,0.0,0.8348450203585477,303.84744049310683,0.03,64,64,256,15,256
3,fedgsl,gnn_fedgsl_gcn,1,computers,5,64,0.0,1,0.03,0.0,0.8004990956720233,417.89063783884046,0.03,64,64,256,15,256
4,fedgsl,gnn_fedgsl_gcn,1,computers,5,64,0.0,1,0.03,0.0,0.8677332615716129,287.61897296905516,0.03,64,64,256,15,256
0,fedgsl,gnn_fedgsl_gcn,1,computers,5,64,0.0,1,0.03,0.0,0.8514621019832461,306.27602338790894,0.03,64,64,256,20,256
1,fedgsl,gnn_fedgsl_gcn,1,computers,5,64,0.0,1,0.03,0.0,0.864211279699872,318.8339893937111,0.03,64,64,256,20,256
2,fedgsl,gnn_fedgsl_gcn,1,computers,5,64,0.0,1,0.03,0.0,0.772573769950999,402.0162804841995,0.03,64,64,256,20,256
3,fedgsl,gnn_fedgsl_gcn,1,computers,5,64,0.0,1,0.03,0.0,0.8601966999025645,262.89404061436653,0.03,64,64,256,20,256
4,fedgsl,gnn_fedgsl_gcn,1,computers,5,64,0.0,1,0.03,0.0,0.8232837211440822,345.39192016124724,0.03,64,64,256,20,256
0,fedgsl,gnn_fedgsl_gcn,1,computers,5,64,0.0,1,0.03,0.0,0.8566431448057248,288.9829128444195,0.03,64,64,256,25,256
1,fedgsl,gnn_fedgsl_gcn,1,computers,5,64,0.0,1,0.03,0.0,0.8274647458822271,367.4552723765373,0.03,64,64,256,25,256
2,fedgsl,gnn_fedgsl_gcn,1,computers,5,64,0.0,1,0.03,0.0,0.8414433208288976,344.59340434074403,0.03,64,64,256,25,256
3,fedgsl,gnn_fedgsl_gcn,1,computers,5,64,0.0,1,0.03,0.0,0.8527592040063221,340.63263788223264,0.03,64,64,256,25,256
4,fedgsl,gnn_fedgsl_gcn,1,computers,5,64,0.0,1,0.03,0.0,0.8559017944088947,324.1045181155205,0.03,64,64,256,25,256
0,fedgsl,gnn_fedgsl_gcn,1,computers,5,64,0.0,1,0.03,0.0,0.839221194782751,382.8750191807747,0.03,64,64,256,30,256
1,fedgsl,gnn_fedgsl_gcn,1,computers,5,64,0.0,1,0.03,0.0,0.8334743258379916,361.6348393797874,0.03,64,64,256,30,256
2,fedgsl,gnn_fedgsl_gcn,1,computers,5,64,0.0,1,0.03,0.0,0.8180096437213319,356.01835294961927,0.03,64,64,256,30,256
3,fedgsl,gnn_fedgsl_gcn,1,computers,5,64,0.0,1,0.03,0.0,0.8226802688988519,374.0046561121941,0.03,64,64,256,30,256
4,fedgsl,gnn_fedgsl_gcn,1,computers,5,64,0.0,1,0.03,0.0,0.8289079472353839,334.4102567672729,0.03,64,64,256,30,256
0,fedgsl,gnn_fedgsl_gcn,1,computers,5,64,0.0,1,0.03,0.0,0.8686650971824745,283.1563431739807,0.03,64,64,256,35,256
1,fedgsl,gnn_fedgsl_gcn,1,computers,5,64,0.0,1,0.03,0.0,0.8548744659187688,324.5180251479149,0.03,64,64,256,35,256
2,fedgsl,gnn_fedgsl_gcn,1,computers,5,64,0.0,1,0.03,0.0,0.731421393067946,487.56827088594434,0.03,64,64,256,35,256
3,fedgsl,gnn_fedgsl_gcn,1,computers,5,64,0.0,1,0.03,0.0,0.8354432001342487,333.13889677524566,0.03,64,64,256,35,256
4,fedgsl,gnn_fedgsl_gcn,1,computers,5,64,0.0,1,0.03,0.0,0.8144002857318664,352.9980165243149,0.03,64,64,256,35,256
0,fedgsl,gnn_fedgsl_gcn,1,computers,5,64,0.0,1,0.03,0.0,0.8455548047953482,295.57631491422654,0.03,64,64,256,40,256
1,fedgsl,gnn_fedgsl_gcn,1,computers,5,64,0.0,1,0.03,0.0,0.8131325036758679,343.8188174009323,0.03,64,64,256,40,256
2,fedgsl,gnn_fedgsl_gcn,1,computers,5,64,0.0,1,0.03,0.0,0.8258336925004641,359.2869088888168,0.03,64,64,256,40,256
3,fedgsl,gnn_fedgsl_gcn,1,computers,5,64,0.0,1,0.03,0.0,0.821878966156701,345.5209959745407,0.03,64,64,256,40,256
4,fedgsl,gnn_fedgsl_gcn,1,computers,5,64,0.0,1,0.03,0.0,0.8543940280651796,326.45373725891113,0.03,64,64,256,40,256
0,fedgsl,gnn_fedgsl_gcn,1,computers,5,64,0.0,1,0.03,0.0,0.8409340563022465,334.71855467557907,0.03,64,256,256,5,256
1,fedgsl,gnn_fedgsl_gcn,1,computers,5,64,0.0,1,0.03,0.0,0.5674233411758923,1130.464658498764,0.03,64,256,256,5,256
2,fedgsl,gnn_fedgsl_gcn,1,computers,5,64,0.0,1,0.03,0.0,0.85515074829163,315.0760773420334,0.03,64,256,256,5,256
3,fedgsl,gnn_fedgsl_gcn,1,computers,5,64,0.0,1,0.03,0.0,0.7562712349210864,453.3113609790802,0.03,64,256,256,5,256
4,fedgsl,gnn_fedgsl_gcn,1,computers,5,64,0.0,1,0.03,0.0,0.8324244672563269,386.770008289814,0.03,64,256,256,5,256
0,fedgsl,gnn_fedgsl_gcn,1,computers,5,64,0.0,1,0.03,0.0,0.8624374188459425,337.7420505642891,0.03,64,256,256,10,256
1,fedgsl,gnn_fedgsl_gcn,1,computers,5,64,0.0,1,0.03,0.0,0.5674233411758923,1130.584386587143,0.03,64,256,256,10,256
2,fedgsl,gnn_fedgsl_gcn,1,computers,5,64,0.0,1,0.03,0.0,0.8457038389069315,348.91156777143476,0.03,64,256,256,10,256
3,fedgsl,gnn_fedgsl_gcn,1,computers,5,64,0.0,1,0.03,0.0,0.8076848959132154,378.3804375290871,0.03,64,256,256,10,256
4,fedgsl,gnn_fedgsl_gcn,1,computers,5,64,0.0,1,0.03,0.0,0.8381681348457279,337.6165576338768,0.03,64,256,256,10,256
0,fedgsl,gnn_fedgsl_gcn,1,computers,5,64,0.0,1,0.03,0.0,0.835789790397157,349.70700278282163,0.03,64,256,256,15,256
1,fedgsl,gnn_fedgsl_gcn,1,computers,5,64,0.0,1,0.03,0.0,0.5674233411758923,1130.691799879074,0.03,64,256,256,15,256
2,fedgsl,gnn_fedgsl_gcn,1,computers,5,64,0.0,1,0.03,0.0,0.7784127253986937,405.6432940363884,0.03,64,256,256,15,256
3,fedgsl,gnn_fedgsl_gcn,1,computers,5,64,0.0,1,0.03,0.0,0.6978522314707486,485.43184905052186,0.03,64,256,256,15,256
4,fedgsl,gnn_fedgsl_gcn,1,computers,5,64,0.0,1,0.03,0.0,0.7600990085270979,572.7182189702987,0.03,64,256,256,15,256
0,fedgsl,gnn_fedgsl_gcn,1,computers,5,64,0.0,1,0.03,0.0,0.7927616498327759,482.05595725774765,0.03,64,256,256,20,256
1,fedgsl,gnn_fedgsl_gcn,1,computers,5,64,0.0,1,0.03,0.0,0.5674233411758923,1130.7921348571776,0.03,64,256,256,20,256
2,fedgsl,gnn_fedgsl_gcn,1,computers,5,64,0.0,1,0.03,0.0,0.8516294190067635,277.0807351589203,0.03,64,256,256,20,256
3,fedgsl,gnn_fedgsl_gcn,1,computers,5,64,0.0,1,0.03,0.0,0.7628225790136854,501.4703255057335,0.03,64,256,256,20,256
4,fedgsl,gnn_fedgsl_gcn,1,computers,5,64,0.0,1,0.03,0.0,0.8276494049446951,354.27207708358765,0.03,64,256,256,20,256
0,fedgsl,gnn_fedgsl_gcn,1,computers,5,64,0.0,1,0.03,0.0,0.8357696112905494,358.34194779396057,0.03,64,256,256,25,256
1,fedgsl,gnn_fedgsl_gcn,1,computers,5,64,0.0,1,0.03,0.0,0.5674233411758923,1130.890725183487,0.03,64,256,256,25,256
2,fedgsl,gnn_fedgsl_gcn,1,computers,5,64,0.0,1,0.03,0.0,0.8311077626857971,337.2343156337738,0.03,64,256,256,25,256
3,fedgsl,gnn_fedgsl_gcn,1,computers,5,64,0.0,1,0.03,0.0,0.6982552844375105,467.1566733598709,0.03,64,256,256,25,256
4,fedgsl,gnn_fedgsl_gcn,1,computers,5,64,0.0,1,0.03,0.0,0.8704642190533416,289.37299998402597,0.03,64,256,256,25,256
0,fedgsl,gnn_fedgsl_gcn,1,computers,5,64,0.0,1,0.03,0.0,0.8427261916658253,346.6109863758087,0.03,64,256,256,30,256
1,fedgsl,gnn_fedgsl_gcn,1,computers,5,64,0.0,1,0.03,0.0,0.5674233411758923,1130.9784171104432,0.03,64,256,256,30,256
2,fedgsl,gnn_fedgsl_gcn,1,computers,5,64,0.0,1,0.03,0.0,0.8300582828797332,328.9952993035316,0.03,64,256,256,30,256
3,fedgsl,gnn_fedgsl_gcn,1,computers,5,64,0.0,1,0.03,0.0,0.7384019075872222,491.94933458566663,0.03,64,256,256,30,256
4,fedgsl,gnn_fedgsl_gcn,1,computers,5,64,0.0,1,0.03,0.0,0.8336215554092602,342.679477584362,0.03,64,256,256,30,256
0,fedgsl,gnn_fedgsl_gcn,1,computers,5,64,0.0,1,0.03,0.0,0.8509976937835692,265.6533680915833,0.03,64,256,256,35,256
1,fedgsl,gnn_fedgsl_gcn,1,computers,5,64,0.0,1,0.03,0.0,0.5674233411758923,1131.0591405868531,0.03,64,256,256,35,256
2,fedgsl,gnn_fedgsl_gcn,1,computers,5,64,0.0,1,0.03,0.0,0.8277083175383201,368.4039855122566,0.03,64,256,256,35,256
3,fedgsl,gnn_fedgsl_gcn,1,computers,5,64,0.0,1,0.03,0.0,0.7782947096653083,386.9960214972496,0.03,64,256,256,35,256
4,fedgsl,gnn_fedgsl_gcn,1,computers,5,64,0.0,1,0.03,0.0,0.8359978142818891,337.62205522060395,0.03,64,256,256,35,256
0,fedgsl,gnn_fedgsl_gcn,1,computers,5,64,0.0,1,0.03,0.0,0.8388554579405773,295.7425945997238,0.03,64,256,256,40,256
1,fedgsl,gnn_fedgsl_gcn,1,computers,5,64,0.0,1,0.03,0.0,0.7961584617817633,429.73374779224395,0.03,64,256,256,40,256
2,fedgsl,gnn_fedgsl_gcn,1,computers,5,64,0.0,1,0.03,0.0,0.8284502372568863,344.97197515964507,0.03,64,256,256,40,256
3,fedgsl,gnn_fedgsl_gcn,1,computers,5,64,0.0,1,0.03,0.0,0.8015152882021657,369.4901328444481,0.03,64,256,256,40,256
4,fedgsl,gnn_fedgsl_gcn,1,computers,5,64,0.0,1,0.03,0.0,0.8317150760976141,360.91684954166413,0.03,64,256,256,40,256
0,fedgsl,gnn_fedgsl_gcn,1,computers,5,64,0.0,1,0.03,0.0,0.6430555964653446,781.2337490797042,0.03,256,64,256,5,256
1,fedgsl,gnn_fedgsl_gcn,1,computers,5,64,0.0,1,0.03,0.0,0.19580162259104222,1021.3732260227204,0.03,256,64,256,5,256
2,fedgsl,gnn_fedgsl_gcn,1,computers,5,64,0.0,1,0.03,0.0,0.6410675056346518,699.0408102273941,0.03,256,64,256,5,256
3,fedgsl,gnn_fedgsl_gcn,1,computers,5,64,0.0,1,0.03,0.0,0.6044562318624338,1193.4022753715515,0.03,256,64,256,5,256
4,fedgsl,gnn_fedgsl_gcn,1,computers,5,64,0.0,1,0.03,0.0,0.5811222574748459,782.823799443245,0.03,256,64,256,5,256
0,fedgsl,gnn_fedgsl_gcn,1,computers,5,64,0.0,1,0.03,0.0,0.677494402544896,500.41714066267014,0.03,256,64,256,10,256
1,fedgsl,gnn_fedgsl_gcn,1,computers,5,64,0.0,1,0.03,0.0,0.27407340868358004,932.6840406417847,0.03,256,64,256,10,256
2,fedgsl,gnn_fedgsl_gcn,1,computers,5,64,0.0,1,0.03,0.0,0.6595703265449373,644.4815485715866,0.03,256,64,256,10,256
3,fedgsl,gnn_fedgsl_gcn,1,computers,5,64,0.0,1,0.03,0.0,0.5989371859685463,943.3838207483292,0.03,256,64,256,10,256
4,fedgsl,gnn_fedgsl_gcn,1,computers,5,64,0.0,1,0.03,0.0,0.5847827068199228,788.8930912256241,0.03,256,64,256,10,256
0,fedgsl,gnn_fedgsl_gcn,1,computers,5,64,0.0,1,0.03,0.0,0.6495770114284969,857.1098524332047,0.03,256,64,256,15,256
1,fedgsl,gnn_fedgsl_gcn,1,computers,5,64,0.0,1,0.03,0.0,0.4036688681642854,1015.7484742879867,0.03,256,64,256,15,256
2,fedgsl,gnn_fedgsl_gcn,1,computers,5,64,0.0,1,0.03,0.0,0.6199833234385392,736.0547163248062,0.03,256,64,256,15,256
3,fedgsl,gnn_fedgsl_gcn,1,computers,5,64,0.0,1,0.03,0.0,0.5688554138064832,945.297344827652,0.03,256,64,256,15,256
4,fedgsl,gnn_fedgsl_gcn,1,computers,5,64,0.0,1,0.03,0.0,0.5826967576501996,782.5877410650253,0.03,256,64,256,15,256
0,fedgsl,gnn_fedgsl_gcn,1,computers,5,64,0.0,1,0.03,0.0,0.6809418981242243,530.0131072998047,0.03,256,64,256,20,256
1,fedgsl,gnn_fedgsl_gcn,1,computers,5,64,0.0,1,0.03,0.0,0.544498564294212,1044.4626792907716,0.03,256,64,256,20,256
2,fedgsl,gnn_fedgsl_gcn,1,computers,5,64,0.0,1,0.03,0.0,0.7073330807182433,480.5204815864563,0.03,256,64,256,20,256
3,fedgsl,gnn_fedgsl_gcn,1,computers,5,64,0.0,1,0.03,0.0,0.5681214214551243,1068.6265249729156,0.03,256,64,256,20,256
4,fedgsl,gnn_fedgsl_gcn,1,computers,5,64,0.0,1,0.03,0.0,0.5783718868399955,1010.0902905464172,0.03,256,64,256,20,256
0,fedgsl,gnn_fedgsl_gcn,1,computers,5,64,0.0,1,0.03,0.0,0.5972388294334088,850.5794045448304,0.03,256,64,256,25,256
1,fedgsl,gnn_fedgsl_gcn,1,computers,5,64,0.0,1,0.03,0.0,0.21112943066809597,877.4168051958084,0.03,256,64,256,25,256
2,fedgsl,gnn_fedgsl_gcn,1,computers,5,64,0.0,1,0.03,0.0,0.6714595760470289,536.2923734426498,0.03,256,64,256,25,256
3,fedgsl,gnn_fedgsl_gcn,1,computers,5,64,0.0,1,0.03,0.0,0.5686936647629576,889.2087680578231,0.03,256,64,256,25,256
4,fedgsl,gnn_fedgsl_gcn,1,computers,5,64,0.0,1,0.03,0.0,0.5641092010450327,1039.9042392969131,0.03,256,64,256,25,256
0,fedgsl,gnn_fedgsl_gcn,1,computers,5,64,0.0,1,0.03,0.0,0.575630081671328,933.3416778326034,0.03,256,64,256,30,256
1,fedgsl,gnn_fedgsl_gcn,1,computers,5,64,0.0,1,0.03,0.0,0.49977350019682465,777.2889404773712,0.03,256,64,256,30,256
2,fedgsl,gnn_fedgsl_gcn,1,computers,5,64,0.0,1,0.03,0.0,0.6903250157092681,504.2891285777092,0.03,256,64,256,30,256
3,fedgsl,gnn_fedgsl_gcn,1,computers,5,64,0.0,1,0.03,0.0,0.569928364564005,1134.9131692886353,0.03,256,64,256,30,256
4,fedgsl,gnn_fedgsl_gcn,1,computers,5,64,0.0,1,0.03,0.0,0.4157505678784495,1016.8055122613907,0.03,256,64,256,30,256
0,fedgsl,gnn_fedgsl_gcn,1,computers,5,64,0.0,1,0.03,0.0,0.5771055160738758,940.163831782341,0.03,256,64,256,35,256
1,fedgsl,gnn_fedgsl_gcn,1,computers,5,64,0.0,1,0.03,0.0,0.4461221937752298,1041.5816716909408,0.03,256,64,256,35,256
2,fedgsl,gnn_fedgsl_gcn,1,computers,5,64,0.0,1,0.03,0.0,0.5755797406295005,820.5326614618301,0.03,256,64,256,35,256
3,fedgsl,gnn_fedgsl_gcn,1,computers,5,64,0.0,1,0.03,0.0,0.5699408056846735,1131.6010949134827,0.03,256,64,256,35,256
4,fedgsl,gnn_fedgsl_gcn,1,computers,5,64,0.0,1,0.03,0.0,0.5882201423780506,986.2993905067444,0.03,256,64,256,35,256
0,fedgsl,gnn_fedgsl_gcn,1,computers,5,64,0.0,1,0.03,0.0,0.5892553909979665,868.7720756053925,0.03,256,64,256,40,256
1,fedgsl,gnn_fedgsl_gcn,1,computers,5,64,0.0,1,0.03,0.0,0.5333539581986678,1044.05228600502,0.03,256,64,256,40,256
2,fedgsl,gnn_fedgsl_gcn,1,computers,5,64,0.0,1,0.03,0.0,0.5677723813155083,997.1874951601028,0.03,256,64,256,40,256
3,fedgsl,gnn_fedgsl_gcn,1,computers,5,64,0.0,1,0.03,0.0,0.5677723813155083,1049.3183172702788,0.03,256,64,256,40,256
4,fedgsl,gnn_fedgsl_gcn,1,computers,5,64,0.0,1,0.03,0.0,0.5670452693422441,1057.999861907959,0.03,256,64,256,40,256
0,fedgsl,gnn_fedgsl_gcn,1,computers,5,64,0.0,1,0.03,0.0,0.5839357962852108,966.4546022891998,0.03,256,256,256,5,256
1,fedgsl,gnn_fedgsl_gcn,1,computers,5,64,0.0,1,0.03,0.0,0.5684980819988938,879.1030524730683,0.03,256,256,256,5,256
2,fedgsl,gnn_fedgsl_gcn,1,computers,5,64,0.0,1,0.03,0.0,0.6054746921254328,1031.4973952293396,0.03,256,256,256,5,256
3,fedgsl,gnn_fedgsl_gcn,1,computers,5,64,0.0,1,0.03,0.0,0.7067287647926175,629.5457679033279,0.03,256,256,256,5,256
4,fedgsl,gnn_fedgsl_gcn,1,computers,5,64,0.0,1,0.03,0.0,0.7626847170491731,441.21603325605395,0.03,256,256,256,5,256
0,fedgsl,gnn_fedgsl_gcn,1,computers,5,64,0.0,1,0.03,0.0,0.5695673537336802,1128.9450925827027,0.03,256,256,256,10,256
1,fedgsl,gnn_fedgsl_gcn,1,computers,5,64,0.0,1,0.03,0.0,0.5674233411758923,1067.5228224992752,0.03,256,256,256,10,256
2,fedgsl,gnn_fedgsl_gcn,1,computers,5,64,0.0,1,0.03,0.0,0.7621951082075131,503.71826885938646,0.03,256,256,256,10,256
3,fedgsl,gnn_fedgsl_gcn,1,computers,5,64,0.0,1,0.03,0.0,0.5982904853179705,1012.062038564682,0.03,256,256,256,10,256
4,fedgsl,gnn_fedgsl_gcn,1,computers,5,64,0.0,1,0.03,0.0,0.6621125067778428,857.1351733922959,0.03,256,256,256,10,256
0,fedgsl,gnn_fedgsl_gcn,1,computers,5,64,0.0,1,0.03,0.0,0.5677543722148481,1104.628292632103,0.03,256,256,256,15,256
1,fedgsl,gnn_fedgsl_gcn,1,computers,5,64,0.0,1,0.03,0.0,0.7143397982661795,495.2494844317436,0.03,256,256,256,15,256
2,fedgsl,gnn_fedgsl_gcn,1,computers,5,64,0.0,1,0.03,0.0,0.5674233411758923,934.9225380182266,0.03,256,256,256,15,256
3,fedgsl,gnn_fedgsl_gcn,1,computers,5,64,0.0,1,0.03,0.0,0.5699344102113739,1202.4441221237182,0.03,256,256,256,15,256
4,fedgsl,gnn_fedgsl_gcn,1,computers,5,64,0.0,1,0.03,0.0,0.6325847866660379,574.9318437814712,0.03,256,256,256,15,256
0,fedgsl,gnn_fedgsl_gcn,1,computers,5,64,0.0,1,0.03,0.0,0.5674233411758923,1095.5902035474778,0.03,256,256,256,20,256
1,fedgsl,gnn_fedgsl_gcn,1,computers,5,64,0.0,1,0.03,0.0,0.6920830302180032,528.8270752906799,0.03,256,256,256,20,256
2,fedgsl,gnn_fedgsl_gcn,1,computers,5,64,0.0,1,0.03,0.0,0.6052219868332237,1000.2451579809189,0.03,256,256,256,20,256
3,fedgsl,gnn_fedgsl_gcn,1,computers,5,64,0.0,1,0.03,0.0,0.5674487010846064,1204.2231562137604,0.03,256,256,256,20,256
4,fedgsl,gnn_fedgsl_gcn,1,computers,5,64,0.0,1,0.03,0.0,0.7714668949703831,472.0300741314888,0.03,256,256,256,20,256
0,fedgsl,gnn_fedgsl_gcn,1,computers,5,64,0.0,1,0.03,0.0,0.5699012218272289,1040.9265694141388,0.03,256,256,256,25,256
1,fedgsl,gnn_fedgsl_gcn,1,computers,5,64,0.0,1,0.03,0.0,0.708365583937925,563.717467725277,0.03,256,256,256,25,256
2,fedgsl,gnn_fedgsl_gcn,1,computers,5,64,0.0,1,0.03,0.0,0.728340440111847,496.8713185429573,0.03,256,256,256,25,256
3,fedgsl,gnn_fedgsl_gcn,1,computers,5,64,0.0,1,0.03,0.0,0.5681592224845071,1006.9569261789322,0.03,256,256,256,25,256
4,fedgsl,gnn_fedgsl_gcn,1,computers,5,64,0.0,1,0.03,0.0,0.7532281807212793,480.80238519907,0.03,256,256,256,25,256
0,fedgsl,gnn_fedgsl_gcn,1,computers,5,64,0.0,1,0.03,0.0,0.6389955005298351,1026.4447553873063,0.03,256,256,256,30,256
1,fedgsl,gnn_fedgsl_gcn,1,computers,5,64,0.0,1,0.03,0.0,0.7442471064658388,483.6394881725311,0.03,256,256,256,30,256
2,fedgsl,gnn_fedgsl_gcn,1,computers,5,64,0.0,1,0.03,0.0,0.7154702503274476,560.8799060106278,0.03,256,256,256,30,256
3,fedgsl,gnn_fedgsl_gcn,1,computers,5,64,0.0,1,0.03,0.0,0.5598600083082509,848.126392364502,0.03,256,256,256,30,256
4,fedgsl,gnn_fedgsl_gcn,1,computers,5,64,0.0,1,0.03,0.0,0.8686190044851188,327.8413197755814,0.03,256,256,256,30,256
0,fedgsl,gnn_fedgsl_gcn,1,computers,5,64,0.0,1,0.03,0.0,0.5674233411758923,1114.3073023796082,0.03,256,256,256,35,256
1,fedgsl,gnn_fedgsl_gcn,1,computers,5,64,0.0,1,0.03,0.0,0.7135021347341951,527.1049880623817,0.03,256,256,256,35,256
2,fedgsl,gnn_fedgsl_gcn,1,computers,5,64,0.0,1,0.03,0.0,0.6159041641758386,679.4018733024598,0.03,256,256,256,35,256
3,fedgsl,gnn_fedgsl_gcn,1,computers,5,64,0.0,1,0.03,0.0,0.5678014130095408,1009.4217263221741,0.03,256,256,256,35,256
4,fedgsl,gnn_fedgsl_gcn,1,computers,5,64,0.0,1,0.03,0.0,0.8031136392563809,432.9238650560379,0.03,256,256,256,35,256
0,fedgsl,gnn_fedgsl_gcn,1,computers,5,64,0.0,1,0.03,0.0,0.5899232104502021,932.8351025819778,0.03,256,256,256,40,256
1,fedgsl,gnn_fedgsl_gcn,1,computers,5,64,0.0,1,0.03,0.0,0.765956436267995,509.89050843715665,0.03,256,256,256,40,256
2,fedgsl,gnn_fedgsl_gcn,1,computers,5,64,0.0,1,0.03,0.0,0.5674233411758923,1091.5294087409973,0.03,256,256,256,40,256
3,fedgsl,gnn_fedgsl_gcn,1,computers,5,64,0.0,1,0.03,0.0,0.5678014130095408,924.0197201251983,0.03,256,256,256,40,256
4,fedgsl,gnn_fedgsl_gcn,1,computers,5,64,0.0,1,0.03,0.0,0.8140090297011833,407.70069209337237,0.03,256,256,256,40,256
0,fedgsl,gnn_fedgsl_gcn,1,computers,5,64,0.0,1,0.03,0.0005,0.5677889718888723,1054.8927028894425,0.03,64,64,64,5,256
1,fedgsl,gnn_fedgsl_gcn,1,computers,5,64,0.0,1,0.03,0.0005,0.8044162031433186,344.91159293651583,0.03,64,64,64,5,256
2,fedgsl,gnn_fedgsl_gcn,1,computers,5,64,0.0,1,0.03,0.0005,0.817107218580103,379.2990083813667,0.03,64,64,64,5,256
3,fedgsl,gnn_fedgsl_gcn,1,computers,5,64,0.0,1,0.03,0.0005,0.7936134829980225,482.61908090114594,0.03,64,64,64,5,256
4,fedgsl,gnn_fedgsl_gcn,1,computers,5,64,0.0,1,0.03,0.0005,0.8045968104930648,398.825528883934,0.03,64,64,64,5,256
0,fedgsl,gnn_fedgsl_gcn,1,computers,5,64,0.0,1,0.03,0.0005,0.8331160314582305,329.3912857055664,0.03,64,64,64,10,256
1,fedgsl,gnn_fedgsl_gcn,1,computers,5,64,0.0,1,0.03,0.0005,0.8000998061449385,411.0301642775536,0.03,64,64,64,10,256
2,fedgsl,gnn_fedgsl_gcn,1,computers,5,64,0.0,1,0.03,0.0005,0.5674233411758923,1084.4635041475296,0.03,64,64,64,10,256
3,fedgsl,gnn_fedgsl_gcn,1,computers,5,64,0.0,1,0.03,0.0005,0.7958229025145114,407.44993938207625,0.03,64,64,64,10,256
4,fedgsl,gnn_fedgsl_gcn,1,computers,5,64,0.0,1,0.03,0.0005,0.5674233411758923,1053.5360253572464,0.03,64,64,64,10,256
0,fedgsl,gnn_fedgsl_gcn,1,computers,5,64,0.0,1,0.03,0.0005,0.5674233411758923,1059.254253101349,0.03,64,64,64,15,256
1,fedgsl,gnn_fedgsl_gcn,1,computers,5,64,0.0,1,0.03,0.0005,0.7998660435758916,400.44519689083097,0.03,64,64,64,15,256
2,fedgsl,gnn_fedgsl_gcn,1,computers,5,64,0.0,1,0.03,0.0005,0.5674233411758923,1085.2535789966582,0.03,64,64,64,15,256
3,fedgsl,gnn_fedgsl_gcn,1,computers,5,64,0.0,1,0.03,0.0005,0.5674233411758923,1041.9251440525054,0.03,64,64,64,15,256
4,fedgsl,gnn_fedgsl_gcn,1,computers,5,64,0.0,1,0.03,0.0005,0.5674233411758923,1098.146707892418,0.03,64,64,64,15,256
0,fedgsl,gnn_fedgsl_gcn,1,computers,5,64,0.0,1,0.03,0.0005,0.8146514964821222,335.4807728409767,0.03,64,64,64,20,256
1,fedgsl,gnn_fedgsl_gcn,1,computers,5,64,0.0,1,0.03,0.0005,0.8395817279456989,316.95826734304427,0.03,64,64,64,20,256
2,fedgsl,gnn_fedgsl_gcn,1,computers,5,64,0.0,1,0.03,0.0005,0.5706190940351834,1044.4176386833192,0.03,64,64,64,20,256
3,fedgsl,gnn_fedgsl_gcn,1,computers,5,64,0.0,1,0.03,0.0005,0.5674233411758923,1068.3525568008422,0.03,64,64,64,20,256
4,fedgsl,gnn_fedgsl_gcn,1,computers,5,64,0.0,1,0.03,0.0005,0.5674279610585474,1069.9605721712112,0.03,64,64,64,20,256
0,fedgsl,gnn_fedgsl_gcn,1,computers,5,64,0.0,1,0.03,0.0005,0.5702700538955673,1056.0945840597153,0.03,64,64,64,25,256
1,fedgsl,gnn_fedgsl_gcn,1,computers,5,64,0.0,1,0.03,0.0005,0.5677889718888723,1047.4015348672867,0.03,64,64,64,25,256
2,fedgsl,gnn_fedgsl_gcn,1,computers,5,64,0.0,1,0.03,0.0005,0.5670452693422441,1012.7937090396881,0.03,64,64,64,25,256
3,fedgsl,gnn_fedgsl_gcn,1,computers,5,64,0.0,1,0.03,0.0005,0.7991711574146005,453.921583878994,0.03,64,64,64,25,256
4,fedgsl,gnn_fedgsl_gcn,1,computers,5,64,0.0,1,0.03,0.0005,0.5674279610585474,1070.4726443767547,0.03,64,64,64,25,256
0,fedgsl,gnn_fedgsl_gcn,1,computers,5,64,0.0,1,0.03,0.0005,0.5677889718888723,1054.9979778766633,0.03,64,64,64,30,256
1,fedgsl,gnn_fedgsl_gcn,1,computers,5,64,0.0,1,0.03,0.0005,0.812760841790354,385.14583348035814,0.03,64,64,64,30,256
2,fedgsl,gnn_fedgsl_gcn,1,computers,5,64,0.0,1,0.03,0.0005,0.8166978473195657,313.61012759804726,0.03,64,64,64,30,256
3,fedgsl,gnn_fedgsl_gcn,1,computers,5,64,0.0,1,0.03,0.0005,0.5678470352769368,1069.19200527668,0.03,64,64,64,30,256
4,fedgsl,gnn_fedgsl_gcn,1,computers,5,64,0.0,1,0.03,0.0005,0.5674279610585474,1051.591827726364,0.03,64,64,64,30,256
0,fedgsl,gnn_fedgsl_gcn,1,computers,5,64,0.0,1,0.03,0.0005,0.8003026492275642,374.2428673863411,0.03,64,64,64,35,256
1,fedgsl,gnn_fedgsl_gcn,1,computers,5,64,0.0,1,0.03,0.0005,0.6742713175544967,658.4837177276611,0.03,64,64,64,35,256
2,fedgsl,gnn_fedgsl_gcn,1,computers,5,64,0.0,1,0.03,0.0005,0.5674233411758923,1087.6742584466933,0.03,64,64,64,35,256
3,fedgsl,gnn_fedgsl_gcn,1,computers,5,64,0.0,1,0.03,0.0005,0.5681214214551243,1062.7962355852128,0.03,64,64,64,35,256
4,fedgsl,gnn_fedgsl_gcn,1,computers,5,64,0.0,1,0.03,0.0005,0.8239375904457973,310.26263619065287,0.03,64,64,64,35,256
0,fedgsl,gnn_fedgsl_gcn,1,computers,5,64,0.0,1,0.03,0.0005,0.7786253003888416,414.8245024204254,0.03,64,64,64,40,256
1,fedgsl,gnn_fedgsl_gcn,1,computers,5,64,0.0,1,0.03,0.0005,0.8074358841185768,382.97427772283555,0.03,64,64,64,40,256
2,fedgsl,gnn_fedgsl_gcn,1,computers,5,64,0.0,1,0.03,0.0005,0.5674233411758923,1087.8381026506424,0.03,64,64,64,40,256
3,fedgsl,gnn_fedgsl_gcn,1,computers,5,64,0.0,1,0.03,0.0005,0.5705449105037144,1069.2557376861573,0.03,64,64,64,40,256
4,fedgsl,gnn_fedgsl_gcn,1,computers,5,64,0.0,1,0.03,0.0005,0.8520637641629969,292.1351146996021,0.03,64,64,64,40,256
0,fedgsl,gnn_fedgsl_gcn,1,computers,5,64,0.0,1,0.03,0.0005,0.6345154727811548,572.1032867431641,0.03,64,256,64,5,256
1,fedgsl,gnn_fedgsl_gcn,1,computers,5,64,0.0,1,0.03,0.0005,0.5674233411758923,1044.0114531040192,0.03,64,256,64,5,256
2,fedgsl,gnn_fedgsl_gcn,1,computers,5,64,0.0,1,0.03,0.0005,0.5678014130095408,988.2886889696122,0.03,64,256,64,5,256
3,fedgsl,gnn_fedgsl_gcn,1,computers,5,64,0.0,1,0.03,0.0005,0.7835278618828415,365.7060994267464,0.03,64,256,64,5,256
4,fedgsl,gnn_fedgsl_gcn,1,computers,5,64,0.0,1,0.03,0.0005,0.8410701643883666,358.22791557312013,0.03,64,256,64,5,256
0,fedgsl,gnn_fedgsl_gcn,1,computers,5,64,0.0,1,0.03,0.0005,0.5674233411758923,1011.2138245821,0.03,64,256,64,10,256
1,fedgsl,gnn_fedgsl_gcn,1,computers,5,64,0.0,1,0.03,0.0005,0.7799353067251281,383.7721234798431,0.03,64,256,64,10,256
2,fedgsl,gnn_fedgsl_gcn,1,computers,5,64,0.0,1,0.03,0.0005,0.5681504531491568,1000.4113159418106,0.03,64,256,64,10,256
3,fedgsl,gnn_fedgsl_gcn,1,computers,5,64,0.0,1,0.03,0.0005,0.5662937455576023,1016.5913017988205,0.03,64,256,64,10,256
4,fedgsl,gnn_fedgsl_gcn,1,computers,5,64,0.0,1,0.03,0.0005,0.5677894423188319,1026.1793922424317,0.03,64,256,64,10,256
0,fedgsl,gnn_fedgsl_gcn,1,computers,5,64,0.0,1,0.03,0.0005,0.5681504531491568,999.0219395875931,0.03,64,256,64,15,256
1,fedgsl,gnn_fedgsl_gcn,1,computers,5,64,0.0,1,0.03,0.0005,0.8025762610315612,375.4255413770676,0.03,64,256,64,15,256
2,fedgsl,gnn_fedgsl_gcn,1,computers,5,64,0.0,1,0.03,0.0005,0.5677894423188319,1044.7188920021058,0.03,64,256,64,15,256
3,fedgsl,gnn_fedgsl_gcn,1,computers,5,64,0.0,1,0.03,0.0005,0.5677723813155083,1052.2681425094604,0.03,64,256,64,15,256
4,fedgsl,gnn_fedgsl_gcn,1,computers,5,64,0.0,1,0.03,0.0005,0.5681504531491568,1044.394442510605,0.03,64,256,64,15,256
0,fedgsl,gnn_fedgsl_gcn,1,computers,5,64,0.0,1,0.03,0.0005,0.5677889718888723,1062.5636080026627,0.03,64,256,64,20,256
1,fedgsl,gnn_fedgsl_gcn,1,computers,5,64,0.0,1,0.03,0.0005,0.6702470203375659,536.624931204319,0.03,64,256,64,20,256
2,fedgsl,gnn_fedgsl_gcn,1,computers,5,64,0.0,1,0.03,0.0005,0.5674233411758923,1051.221275138855,0.03,64,256,64,20,256
3,fedgsl,gnn_fedgsl_gcn,1,computers,5,64,0.0,1,0.03,0.0005,0.5677848224361769,1030.631520819664,0.03,64,256,64,20,256
4,fedgsl,gnn_fedgsl_gcn,1,computers,5,64,0.0,1,0.03,0.0005,0.568149982719197,1044.5305814504623,0.03,64,256,64,20,256
0,fedgsl,gnn_fedgsl_gcn,1,computers,5,64,0.0,1,0.03,0.0005,0.5674450220618708,1023.3939943790435,0.03,64,256,64,25,256
1,fedgsl,gnn_fedgsl_gcn,1,computers,5,64,0.0,1,0.03,0.0005,0.5674233411758923,1044.5586329936982,0.03,64,256,64,25,256
2,fedgsl,gnn_fedgsl_gcn,1,computers,5,64,0.0,1,0.03,0.0005,0.5677723813155083,1031.0238270282746,0.03,64,256,64,25,256
3,fedgsl,gnn_fedgsl_gcn,1,computers,5,64,0.0,1,0.03,0.0005,0.5674233411758923,1058.3600978136062,0.03,64,256,64,25,256
4,fedgsl,gnn_fedgsl_gcn,1,computers,5,64,0.0,1,0.03,0.0005,0.5674233411758923,1056.7927594423295,0.03,64,256,64,25,256
0,fedgsl,gnn_fedgsl_gcn,1,computers,5,64,0.0,1,0.03,0.0005,0.7867743490343957,541.3577717900276,0.03,64,256,64,30,256
1,fedgsl,gnn_fedgsl_gcn,1,computers,5,64,0.0,1,0.03,0.0005,0.8216902637707315,372.22770178318024,0.03,64,256,64,30,256
2,fedgsl,gnn_fedgsl_gcn,1,computers,5,64,0.0,1,0.03,0.0005,0.5674233411758923,1051.1651237249375,0.03,64,256,64,30,256
3,fedgsl,gnn_fedgsl_gcn,1,computers,5,64,0.0,1,0.03,0.0005,0.5680845685230785,1038.150216960907,0.03,64,256,64,30,256
4,fedgsl,gnn_fedgsl_gcn,1,computers,5,64,0.0,1,0.03,0.0005,0.5677723813155083,1049.7535346031189,0.03,64,256,64,30,256
0,fedgsl,gnn_fedgsl_gcn,1,computers,5,64,0.0,1,0.03,0.0005,0.8197048905554697,354.608842921257,0.03,64,256,64,35,256
1,fedgsl,gnn_fedgsl_gcn,1,computers,5,64,0.0,1,0.03,0.0005,0.7942538859022081,408.23370752334597,0.03,64,256,64,35,256
2,fedgsl,gnn_fedgsl_gcn,1,computers,5,64,0.0,1,0.03,0.0005,0.5674233411758923,1050.41130964756,0.03,64,256,64,35,256
3,fedgsl,gnn_fedgsl_gcn,1,computers,5,64,0.0,1,0.03,0.0005,0.5677723813155083,1065.1952609539032,0.03,64,256,64,35,256
4,fedgsl,gnn_fedgsl_gcn,1,computers,5,64,0.0,1,0.03,0.0005,0.5674233411758923,1057.069361448288,0.03,64,256,64,35,256
0,fedgsl,gnn_fedgsl_gcn,1,computers,5,64,0.0,1,0.03,0.0005,0.5674233411758923,1043.199844622612,0.03,64,256,64,40,256
1,fedgsl,gnn_fedgsl_gcn,1,computers,5,64,0.0,1,0.03,0.0005,0.5674233411758923,1044.8625565052032,0.03,64,256,64,40,256
2,fedgsl,gnn_fedgsl_gcn,1,computers,5,64,0.0,1,0.03,0.0005,0.5674233411758923,1046.4823150873185,0.03,64,256,64,40,256
3,fedgsl,gnn_fedgsl_gcn,1,computers,5,64,0.0,1,0.03,0.0005,0.5677848224361769,1006.7746591091156,0.03,64,256,64,40,256
4,fedgsl,gnn_fedgsl_gcn,1,computers,5,64,0.0,1,0.03,0.0005,0.5699376043293151,1052.0309325695039,0.03,64,256,64,40,256
0,fedgsl,gnn_fedgsl_gcn,1,computers,5,64,0.0,1,0.03,0.0005,0.5674233411758923,1117.9145426273346,0.03,256,64,64,5,256
1,fedgsl,gnn_fedgsl_gcn,1,computers,5,64,0.0,1,0.03,0.0005,0.8435684967927173,534.443849170208,0.03,256,64,64,5,256
2,fedgsl,gnn_fedgsl_gcn,1,computers,5,64,0.0,1,0.03,0.0005,0.5674233411758923,1118.474324131012,0.03,256,64,64,5,256
3,fedgsl,gnn_fedgsl_gcn,1,computers,5,64,0.0,1,0.03,0.0005,0.5677770011981634,992.0314815282821,0.03,256,64,64,5,256
4,fedgsl,gnn_fedgsl_gcn,1,computers,5,64,0.0,1,0.03,0.0005,0.8412834607426282,517.0089598655701,0.03,256,64,64,5,256
0,fedgsl,gnn_fedgsl_gcn,1,computers,5,64,0.0,1,0.03,0.0005,0.7231742122720876,515.9892980933189,0.03,256,64,64,10,256
1,fedgsl,gnn_fedgsl_gcn,1,computers,5,64,0.0,1,0.03,0.0005,0.8129779305339628,525.9956148147583,0.03,256,64,64,10,256
2,fedgsl,gnn_fedgsl_gcn,1,computers,5,64,0.0,1,0.03,0.0005,0.42173233802266435,1045.0186520576476,0.03,256,64,64,10,256
3,fedgsl,gnn_fedgsl_gcn,1,computers,5,64,0.0,1,0.03,0.0005,0.7387948016410073,1486.102726316452,0.03,256,64,64,10,256
4,fedgsl,gnn_fedgsl_gcn,1,computers,5,64,0.0,1,0.03,0.0005,0.844871258450144,317.2207643210888,0.03,256,64,64,10,256
0,fedgsl,gnn_fedgsl_gcn,1,computers,5,64,0.0,1,0.03,0.0005,0.8060853241152565,563.1867068767548,0.03,256,64,64,15,256
1,fedgsl,gnn_fedgsl_gcn,1,computers,5,64,0.0,1,0.03,0.0005,0.5674233411758923,1040.9297329425813,0.03,256,64,64,15,256
2,fedgsl,gnn_fedgsl_gcn,1,computers,5,64,0.0,1,0.03,0.0005,0.5674233411758923,996.1442380905152,0.03,256,64,64,15,256
3,fedgsl,gnn_fedgsl_gcn,1,computers,5,64,0.0,1,0.03,0.0005,0.7270504150855511,902.3201177835465,0.03,256,64,64,15,256
4,fedgsl,gnn_fedgsl_gcn,1,computers,5,64,0.0,1,0.03,0.0005,0.7898426642511406,551.2088763952255,0.03,256,64,64,15,256
0,fedgsl,gnn_fedgsl_gcn,1,computers,5,64,0.0,1,0.03,0.0005,0.5674233411758923,1121.6790923118592,0.03,256,64,64,20,256
1,fedgsl,gnn_fedgsl_gcn,1,computers,5,64,0.0,1,0.03,0.0005,0.6255722828071713,851.6715481042862,0.03,256,64,64,20,256
2,fedgsl,gnn_fedgsl_gcn,1,computers,5,64,0.0,1,0.03,0.0005,0.18050746609067583,1124.9920999526978,0.03,256,64,64,20,256
3,fedgsl,gnn_fedgsl_gcn,1,computers,5,64,0.0,1,0.03,0.0005,0.5670623303455674,1067.930076789856,0.03,256,64,64,20,256
4,fedgsl,gnn_fedgsl_gcn,1,computers,5,64,0.0,1,0.03,0.0005,0.7525125545339291,438.064808678627,0.03,256,64,64,20,256
0,fedgsl,gnn_fedgsl_gcn,1,computers,5,64,0.0,1,0.03,0.0005,0.5674233411758923,1123.11941113472,0.03,256,64,64,25,256
1,fedgsl,gnn_fedgsl_gcn,1,computers,5,64,0.0,1,0.03,0.0005,0.8097204207890364,339.8622745990753,0.03,256,64,64,25,256
2,fedgsl,gnn_fedgsl_gcn,1,computers,5,64,0.0,1,0.03,0.0005,0.5674233411758923,1054.463285112381,0.03,256,64,64,25,256
3,fedgsl,gnn_fedgsl_gcn,1,computers,5,64,0.0,1,0.03,0.0005,0.6072832286680432,860.507087302208,0.03,256,64,64,25,256
4,fedgsl,gnn_fedgsl_gcn,1,computers,5,64,0.0,1,0.03,0.0005,0.813146181179982,587.6597163081169,0.03,256,64,64,25,256
0,fedgsl,gnn_fedgsl_gcn,1,computers,5,64,0.0,1,0.03,0.0005,0.5674233411758923,1123.8976376056671,0.03,256,64,64,30,256
1,fedgsl,gnn_fedgsl_gcn,1,computers,5,64,0.0,1,0.03,0.0005,0.7448092752776366,560.0421167373657,0.03,256,64,64,30,256
2,fedgsl,gnn_fedgsl_gcn,1,computers,5,64,0.0,1,0.03,0.0005,0.5674233411758923,1060.9594309091567,0.03,256,64,64,30,256
3,fedgsl,gnn_fedgsl_gcn,1,computers,5,64,0.0,1,0.03,0.0005,0.7799268944531259,767.1295249938964,0.03,256,64,64,30,256
4,fedgsl,gnn_fedgsl_gcn,1,computers,5,64,0.0,1,0.03,0.0005,0.5674233411758923,1108.6755753040313,0.03,256,64,64,30,256
0,fedgsl,gnn_fedgsl_gcn,1,computers,5,64,0.0,1,0.03,0.0005,0.5674233411758923,1123.3352397918702,0.03,256,64,64,35,256
1,fedgsl,gnn_fedgsl_gcn,1,computers,5,64,0.0,1,0.03,0.0005,0.818666911010155,493.04555226564406,0.03,256,64,64,35,256
2,fedgsl,gnn_fedgsl_gcn,1,computers,5,64,0.0,1,0.03,0.0005,0.5674233411758923,1051.3789718866349,0.03,256,64,64,35,256
3,fedgsl,gnn_fedgsl_gcn,1,computers,5,64,0.0,1,0.03,0.0005,0.7180949878600664,461.5907380223274,0.03,256,64,64,35,256
4,fedgsl,gnn_fedgsl_gcn,1,computers,5,64,0.0,1,0.03,0.0005,0.5674233411758923,1109.2446660995483,0.03,256,64,64,35,256
0,fedgsl,gnn_fedgsl_gcn,1,computers,5,64,0.0,1,0.03,0.0005,0.5674233411758923,1123.4757867336273,0.03,256,64,64,40,256
1,fedgsl,gnn_fedgsl_gcn,1,computers,5,64,0.0,1,0.03,0.0005,0.5674233411758923,1025.2719190359117,0.03,256,64,64,40,256
2,fedgsl,gnn_fedgsl_gcn,1,computers,5,64,0.0,1,0.03,0.0005,0.18014645526035092,1126.9424285411835,0.03,256,64,64,40,256
3,fedgsl,gnn_fedgsl_gcn,1,computers,5,64,0.0,1,0.03,0.0005,0.7855692357742818,1002.2353106737137,0.03,256,64,64,40,256
4,fedgsl,gnn_fedgsl_gcn,1,computers,5,64,0.0,1,0.03,0.0005,0.5656495792137394,1110.3182146072388,0.03,256,64,64,40,256
0,fedgsl,gnn_fedgsl_gcn,1,computers,5,64,0.0,1,0.03,0.0005,0.5674233411758923,966.8542901754379,0.03,256,256,64,5,256
1,fedgsl,gnn_fedgsl_gcn,1,computers,5,64,0.0,1,0.03,0.0005,0.5674279610585474,962.8560700416565,0.03,256,256,64,5,256
2,fedgsl,gnn_fedgsl_gcn,1,computers,5,64,0.0,1,0.03,0.0005,0.5674233411758923,964.5149798631668,0.03,256,256,64,5,256
3,fedgsl,gnn_fedgsl_gcn,1,computers,5,64,0.0,1,0.03,0.0005,0.5674233411758923,955.2937313556671,0.03,256,256,64,5,256
4,fedgsl,gnn_fedgsl_gcn,1,computers,5,64,0.0,1,0.03,0.0005,0.5674233411758923,986.4883605718612,0.03,256,256,64,5,256
0,fedgsl,gnn_fedgsl_gcn,1,computers,5,64,0.0,1,0.03,0.0005,0.5674233411758923,966.3427932977677,0.03,256,256,64,10,256
1,fedgsl,gnn_fedgsl_gcn,1,computers,5,64,0.0,1,0.03,0.0005,0.5674233411758923,1042.0716298103332,0.03,256,256,64,10,256
2,fedgsl,gnn_fedgsl_gcn,1,computers,5,64,0.0,1,0.03,0.0005,0.5674279610585474,991.3819503068923,0.03,256,256,64,10,256
3,fedgsl,gnn_fedgsl_gcn,1,computers,5,64,0.0,1,0.03,0.0005,0.5674233411758923,955.2134813070297,0.03,256,256,64,10,256
4,fedgsl,gnn_fedgsl_gcn,1,computers,5,64,0.0,1,0.03,0.0005,0.5674233411758923,987.5939771175384,0.03,256,256,64,10,256
0,fedgsl,gnn_fedgsl_gcn,1,computers,5,64,0.0,1,0.03,0.0005,0.5674233411758923,966.030815243721,0.03,256,256,64,15,256
1,fedgsl,gnn_fedgsl_gcn,1,computers,5,64,0.0,1,0.03,0.0005,0.5674279610585474,966.4752448558808,0.03,256,256,64,15,256
2,fedgsl,gnn_fedgsl_gcn,1,computers,5,64,0.0,1,0.03,0.0005,0.5674279610585474,973.8224921941758,0.03,256,256,64,15,256
3,fedgsl,gnn_fedgsl_gcn,1,computers,5,64,0.0,1,0.03,0.0005,0.5674233411758923,953.6814671278,0.03,256,256,64,15,256
4,fedgsl,gnn_fedgsl_gcn,1,computers,5,64,0.0,1,0.03,0.0005,0.5674233411758923,987.4788032054901,0.03,256,256,64,15,256
0,fedgsl,gnn_fedgsl_gcn,1,computers,5,64,0.0,1,0.03,0.0005,0.5674279610585474,981.2858593225479,0.03,256,256,64,20,256
1,fedgsl,gnn_fedgsl_gcn,1,computers,5,64,0.0,1,0.03,0.0005,0.5674279610585474,962.1189339637756,0.03,256,256,64,20,256
2,fedgsl,gnn_fedgsl_gcn,1,computers,5,64,0.0,1,0.03,0.0005,0.5674233411758923,962.804946231842,0.03,256,256,64,20,256
3,fedgsl,gnn_fedgsl_gcn,1,computers,5,64,0.0,1,0.03,0.0005,0.5674233411758923,952.8338853359222,0.03,256,256,64,20,256
4,fedgsl,gnn_fedgsl_gcn,1,computers,5,64,0.0,1,0.03,0.0005,0.5674279610585474,974.0766932487488,0.03,256,256,64,20,256
0,fedgsl,gnn_fedgsl_gcn,1,computers,5,64,0.0,1,0.03,0.0005,0.5674233411758923,969.4565722942352,0.03,256,256,64,25,256
1,fedgsl,gnn_fedgsl_gcn,1,computers,5,64,0.0,1,0.03,0.0005,0.5674279610585474,964.7551862478256,0.03,256,256,64,25,256
2,fedgsl,gnn_fedgsl_gcn,1,computers,5,64,0.0,1,0.03,0.0005,0.5674233411758923,964.9581807374955,0.03,256,256,64,25,256
3,fedgsl,gnn_fedgsl_gcn,1,computers,5,64,0.0,1,0.03,0.0005,0.5674233411758923,954.1035660982132,0.03,256,256,64,25,256
4,fedgsl,gnn_fedgsl_gcn,1,computers,5,64,0.0,1,0.03,0.0005,0.5674279610585474,959.2041132450104,0.03,256,256,64,25,256
0,fedgsl,gnn_fedgsl_gcn,1,computers,5,64,0.0,1,0.03,0.0005,0.5674233411758923,969.1007033586502,0.03,256,256,64,30,256
1,fedgsl,gnn_fedgsl_gcn,1,computers,5,64,0.0,1,0.03,0.0005,0.5674233411758923,1030.6415137529373,0.03,256,256,64,30,256
2,fedgsl,gnn_fedgsl_gcn,1,computers,5,64,0.0,1,0.03,0.0005,0.7841591166760761,550.9635268568993,0.03,256,256,64,30,256
3,fedgsl,gnn_fedgsl_gcn,1,computers,5,64,0.0,1,0.03,0.0005,0.5674233411758923,954.2335103988647,0.03,256,256,64,30,256
4,fedgsl,gnn_fedgsl_gcn,1,computers,5,64,0.0,1,0.03,0.0005,0.5674279610585474,965.0194773435593,0.03,256,256,64,30,256
0,fedgsl,gnn_fedgsl_gcn,1,computers,5,64,0.0,1,0.03,0.0005,0.5674233411758923,969.1498853445053,0.03,256,256,64,35,256
1,fedgsl,gnn_fedgsl_gcn,1,computers,5,64,0.0,1,0.03,0.0005,0.5674279610585474,975.6797246217727,0.03,256,256,64,35,256
2,fedgsl,gnn_fedgsl_gcn,1,computers,5,64,0.0,1,0.03,0.0005,0.5674233411758923,966.4098266124726,0.03,256,256,64,35,256
3,fedgsl,gnn_fedgsl_gcn,1,computers,5,64,0.0,1,0.03,0.0005,0.5674233411758923,949.8066265106202,0.03,256,256,64,35,256
4,fedgsl,gnn_fedgsl_gcn,1,computers,5,64,0.0,1,0.03,0.0005,0.5674279610585474,971.4480826377869,0.03,256,256,64,35,256
0,fedgsl,gnn_fedgsl_gcn,1,computers,5,64,0.0,1,0.03,0.0005,0.5674233411758923,968.6990705251694,0.03,256,256,64,40,256
1,fedgsl,gnn_fedgsl_gcn,1,computers,5,64,0.0,1,0.03,0.0005,0.5674279610585474,961.735862159729,0.03,256,256,64,40,256
2,fedgsl,gnn_fedgsl_gcn,1,computers,5,64,0.0,1,0.03,0.0005,0.5674233411758923,965.5203311681747,0.03,256,256,64,40,256
3,fedgsl,gnn_fedgsl_gcn,1,computers,5,64,0.0,1,0.03,0.0005,0.5674279610585474,971.3808800220489,0.03,256,256,64,40,256
4,fedgsl,gnn_fedgsl_gcn,1,computers,5,64,0.0,1,0.03,0.0005,0.5674279610585474,978.2411039590836,0.03,256,256,64,40,256
0,fedgsl,gnn_fedgsl_gcn,1,computers,5,64,0.0,1,0.03,0.0005,0.5674353118666011,1063.9934520244599,0.03,64,64,256,5,256
1,fedgsl,gnn_fedgsl_gcn,1,computers,5,64,0.0,1,0.03,0.0005,0.5674233411758923,1039.0755999803544,0.03,64,64,256,5,256
2,fedgsl,gnn_fedgsl_gcn,1,computers,5,64,0.0,1,0.03,0.0005,0.5674279610585474,1068.2974382400512,0.03,64,64,256,5,256
3,fedgsl,gnn_fedgsl_gcn,1,computers,5,64,0.0,1,0.03,0.0005,0.8046458234970878,343.5563535094261,0.03,64,64,256,5,256
4,fedgsl,gnn_fedgsl_gcn,1,computers,5,64,0.0,1,0.03,0.0005,0.5674233411758923,1047.7775620222092,0.03,64,64,256,5,256
0,fedgsl,gnn_fedgsl_gcn,1,computers,5,64,0.0,1,0.03,0.0005,0.5674233411758923,1044.523421382904,0.03,64,64,256,10,256
1,fedgsl,gnn_fedgsl_gcn,1,computers,5,64,0.0,1,0.03,0.0005,0.5678014130095408,1060.494558930397,0.03,64,64,256,10,256
2,fedgsl,gnn_fedgsl_gcn,1,computers,5,64,0.0,1,0.03,0.0005,0.5674279610585474,1069.6503031015395,0.03,64,64,256,10,256
3,fedgsl,gnn_fedgsl_gcn,1,computers,5,64,0.0,1,0.03,0.0005,0.5674233411758923,1123.60966258049,0.03,64,64,256,10,256
4,fedgsl,gnn_fedgsl_gcn,1,computers,5,64,0.0,1,0.03,0.0005,0.5674233411758923,1035.9225219488144,0.03,64,64,256,10,256
0,fedgsl,gnn_fedgsl_gcn,1,computers,5,64,0.0,1,0.03,0.0005,0.5674233411758923,1044.8275966405868,0.03,64,64,256,15,256
1,fedgsl,gnn_fedgsl_gcn,1,computers,5,64,0.0,1,0.03,0.0005,0.5678470352769368,1068.7559869766235,0.03,64,64,256,15,256
2,fedgsl,gnn_fedgsl_gcn,1,computers,5,64,0.0,1,0.03,0.0005,0.5674233411758923,1069.881367635727,0.03,64,64,256,15,256
3,fedgsl,gnn_fedgsl_gcn,1,computers,5,64,0.0,1,0.03,0.0005,0.7969031968426699,688.2866576910019,0.03,64,64,256,15,256
4,fedgsl,gnn_fedgsl_gcn,1,computers,5,64,0.0,1,0.03,0.0005,0.5674233411758923,1040.6653958559036,0.03,64,64,256,15,256
0,fedgsl,gnn_fedgsl_gcn,1,computers,5,64,0.0,1,0.03,0.0005,0.5663762207570441,1057.6814874649049,0.03,64,64,256,20,256
1,fedgsl,gnn_fedgsl_gcn,1,computers,5,64,0.0,1,0.03,0.0005,0.5674772551112617,1061.2836418151855,0.03,64,64,256,20,256
2,fedgsl,gnn_fedgsl_gcn,1,computers,5,64,0.0,1,0.03,0.0005,0.5674233411758923,1070.4123967170715,0.03,64,64,256,20,256
3,fedgsl,gnn_fedgsl_gcn,1,computers,5,64,0.0,1,0.03,0.0005,0.5674233411758923,1048.9102869987487,0.03,64,64,256,20,256
4,fedgsl,gnn_fedgsl_gcn,1,computers,5,64,0.0,1,0.03,0.0005,0.5674233411758923,1033.6537772417068,0.03,64,64,256,20,256
0,fedgsl,gnn_fedgsl_gcn,1,computers,5,64,0.0,1,0.03,0.0005,0.8339463658944137,308.447760784626,0.03,64,64,256,25,256
1,fedgsl,gnn_fedgsl_gcn,1,computers,5,64,0.0,1,0.03,0.0005,0.5674233411758923,1061.2918612480164,0.03,64,64,256,25,256
2,fedgsl,gnn_fedgsl_gcn,1,computers,5,64,0.0,1,0.03,0.0005,0.5674233411758923,1061.564766573906,0.03,64,64,256,25,256
3,fedgsl,gnn_fedgsl_gcn,1,computers,5,64,0.0,1,0.03,0.0005,0.8327591773180185,361.2203940629959,0.03,64,64,256,25,256
4,fedgsl,gnn_fedgsl_gcn,1,computers,5,64,0.0,1,0.03,0.0005,0.5674233411758923,1044.9324669361115,0.03,64,64,256,25,256
0,fedgsl,gnn_fedgsl_gcn,1,computers,5,64,0.0,1,0.03,0.0005,0.5674233411758923,1071.6223644256593,0.03,64,64,256,30,256
1,fedgsl,gnn_fedgsl_gcn,1,computers,5,64,0.0,1,0.03,0.0005,0.5674450220618708,1049.94054646492,0.03,64,64,256,30,256
2,fedgsl,gnn_fedgsl_gcn,1,computers,5,64,0.0,1,0.03,0.0005,0.8023028374255453,393.91408989429476,0.03,64,64,256,30,256
3,fedgsl,gnn_fedgsl_gcn,1,computers,5,64,0.0,1,0.03,0.0005,0.5681467813638387,1026.8531617879867,0.03,64,64,256,30,256
4,fedgsl,gnn_fedgsl_gcn,1,computers,5,64,0.0,1,0.03,0.0005,0.5674233411758923,1059.499181675911,0.03,64,64,256,30,256
0,fedgsl,gnn_fedgsl_gcn,1,computers,5,64,0.0,1,0.03,0.0005,0.5674233411758923,1053.9613081216812,0.03,64,64,256,35,256
1,fedgsl,gnn_fedgsl_gcn,1,computers,5,64,0.0,1,0.03,0.0005,0.5674233411758923,1042.2249058961868,0.03,64,64,256,35,256
2,fedgsl,gnn_fedgsl_gcn,1,computers,5,64,0.0,1,0.03,0.0005,0.5667879441673798,1063.365307855606,0.03,64,64,256,35,256
3,fedgsl,gnn_fedgsl_gcn,1,computers,5,64,0.0,1,0.03,0.0005,0.5674233411758923,991.3304463624954,0.03,64,64,256,35,256
4,fedgsl,gnn_fedgsl_gcn,1,computers,5,64,0.0,1,0.03,0.0005,0.791939333253292,353.4925248503685,0.03,64,64,256,35,256
0,fedgsl,gnn_fedgsl_gcn,1,computers,5,64,0.0,1,0.03,0.0005,0.5674233411758923,1043.5902329444884,0.03,64,64,256,40,256
1,fedgsl,gnn_fedgsl_gcn,1,computers,5,64,0.0,1,0.03,0.0005,0.5674233411758923,1089.9773977994919,0.03,64,64,256,40,256
2,fedgsl,gnn_fedgsl_gcn,1,computers,5,64,0.0,1,0.03,0.0005,0.5674233411758923,1040.835560154915,0.03,64,64,256,40,256
3,fedgsl,gnn_fedgsl_gcn,1,computers,5,64,0.0,1,0.03,0.0005,0.567835064586228,1081.9764840126038,0.03,64,64,256,40,256
4,fedgsl,gnn_fedgsl_gcn,1,computers,5,64,0.0,1,0.03,0.0005,0.8238569969661936,321.75582576990126,0.03,64,64,256,40,256
0,fedgsl,gnn_fedgsl_gcn,1,computers,5,64,0.0,1,0.03,0.0005,0.5674233411758923,1031.1972521543503,0.03,64,256,256,5,256
1,fedgsl,gnn_fedgsl_gcn,1,computers,5,64,0.0,1,0.03,0.0005,0.5674233411758923,1131.8267749786378,0.03,64,256,256,5,256
2,fedgsl,gnn_fedgsl_gcn,1,computers,5,64,0.0,1,0.03,0.0005,0.5677843520062172,1055.2801789283753,0.03,64,256,256,5,256
3,fedgsl,gnn_fedgsl_gcn,1,computers,5,64,0.0,1,0.03,0.0005,0.5674233411758923,1053.423644924164,0.03,64,256,256,5,256
4,fedgsl,gnn_fedgsl_gcn,1,computers,5,64,0.0,1,0.03,0.0005,0.5677069671193898,1034.3105111837388,0.03,64,256,256,5,256
0,fedgsl,gnn_fedgsl_gcn,1,computers,5,64,0.0,1,0.03,0.0005,0.5674233411758923,999.9463099002838,0.03,64,256,256,10,256
1,fedgsl,gnn_fedgsl_gcn,1,computers,5,64,0.0,1,0.03,0.0005,0.5677023472367349,1013.6480536937713,0.03,64,256,256,10,256
2,fedgsl,gnn_fedgsl_gcn,1,computers,5,64,0.0,1,0.03,0.0005,0.5674233411758923,1033.0046697616576,0.03,64,256,256,10,256
3,fedgsl,gnn_fedgsl_gcn,1,computers,5,64,0.0,1,0.03,0.0005,0.5674279610585474,1048.1727606534957,0.03,64,256,256,10,256
4,fedgsl,gnn_fedgsl_gcn,1,computers,5,64,0.0,1,0.03,0.0005,0.7831567765564815,436.5859025835991,0.03,64,256,256,10,256
0,fedgsl,gnn_fedgsl_gcn,1,computers,5,64,0.0,1,0.03,0.0005,0.5674233411758923,1070.2894541501998,0.03,64,256,256,15,256
1,fedgsl,gnn_fedgsl_gcn,1,computers,5,64,0.0,1,0.03,0.0005,0.5674279610585474,1013.0912523031235,0.03,64,256,256,15,256
2,fedgsl,gnn_fedgsl_gcn,1,computers,5,64,0.0,1,0.03,0.0005,0.7318114355923032,457.3678986310959,0.03,64,256,256,15,256
3,fedgsl,gnn_fedgsl_gcn,1,computers,5,64,0.0,1,0.03,0.0005,0.7847276881985911,401.1704931974411,0.03,64,256,256,15,256
4,fedgsl,gnn_fedgsl_gcn,1,computers,5,64,0.0,1,0.03,0.0005,0.7975509433174917,365.6274748325348,0.03,64,256,256,15,256
0,fedgsl,gnn_fedgsl_gcn,1,computers,5,64,0.0,1,0.03,0.0005,0.5678014130095408,1026.9674924135209,0.03,64,256,256,20,256
1,fedgsl,gnn_fedgsl_gcn,1,computers,5,64,0.0,1,0.03,0.0005,0.5674233411758923,1132.1513484477996,0.03,64,256,256,20,256
2,fedgsl,gnn_fedgsl_gcn,1,computers,5,64,0.0,1,0.03,0.0005,0.5674233411758923,1053.7792922496797,0.03,64,256,256,20,256
3,fedgsl,gnn_fedgsl_gcn,1,computers,5,64,0.0,1,0.03,0.0005,0.5674233411758923,1043.0356283187866,0.03,64,256,256,20,256
4,fedgsl,gnn_fedgsl_gcn,1,computers,5,64,0.0,1,0.03,0.0005,0.835176627956657,312.7607382774353,0.03,64,256,256,20,256
0,fedgsl,gnn_fedgsl_gcn,1,computers,5,64,0.0,1,0.03,0.0005,0.5674233411758923,1049.289953017235,0.03,64,256,256,25,256
1,fedgsl,gnn_fedgsl_gcn,1,computers,5,64,0.0,1,0.03,0.0005,0.5674233411758923,1132.252508687973,0.03,64,256,256,25,256
2,fedgsl,gnn_fedgsl_gcn,1,computers,5,64,0.0,1,0.03,0.0005,0.5674233411758923,1035.4570415973662,0.03,64,256,256,25,256
3,fedgsl,gnn_fedgsl_gcn,1,computers,5,64,0.0,1,0.03,0.0005,0.5674233411758923,1045.7329329013824,0.03,64,256,256,25,256
4,fedgsl,gnn_fedgsl_gcn,1,computers,5,64,0.0,1,0.03,0.0005,0.8464111589514735,272.8397291183472,0.03,64,256,256,25,256
0,fedgsl,gnn_fedgsl_gcn,1,computers,5,64,0.0,1,0.03,0.0005,0.5674233411758923,980.3115887403488,0.03,64,256,256,30,256
1,fedgsl,gnn_fedgsl_gcn,1,computers,5,64,0.0,1,0.03,0.0005,0.8496760050296187,299.63542758226396,0.03,64,256,256,30,256
2,fedgsl,gnn_fedgsl_gcn,1,computers,5,64,0.0,1,0.03,0.0005,0.8055181855948728,330.2047450661659,0.03,64,256,256,30,256
3,fedgsl,gnn_fedgsl_gcn,1,computers,5,64,0.0,1,0.03,0.0005,0.7592657537711837,557.526447224617,0.03,64,256,256,30,256
4,fedgsl,gnn_fedgsl_gcn,1,computers,5,64,0.0,1,0.03,0.0005,0.8411041042511627,336.20504516363144,0.03,64,256,256,30,256
0,fedgsl,gnn_fedgsl_gcn,1,computers,5,64,0.0,1,0.03,0.0005,0.5684626403567269,1018.5387856006622,0.03,64,256,256,35,256
1,fedgsl,gnn_fedgsl_gcn,1,computers,5,64,0.0,1,0.03,0.0005,0.5674233411758923,1132.4271530151368,0.03,64,256,256,35,256
2,fedgsl,gnn_fedgsl_gcn,1,computers,5,64,0.0,1,0.03,0.0005,0.5674233411758923,1051.7390990257263,0.03,64,256,256,35,256
3,fedgsl,gnn_fedgsl_gcn,1,computers,5,64,0.0,1,0.03,0.0005,0.5712723035256703,1056.081188750267,0.03,64,256,256,35,256
4,fedgsl,gnn_fedgsl_gcn,1,computers,5,64,0.0,1,0.03,0.0005,0.5681836342958845,1064.5251287698745,0.03,64,256,256,35,256
0,fedgsl,gnn_fedgsl_gcn,1,computers,5,64,0.0,1,0.03,0.0005,0.5677723813155083,1031.5808223247527,0.03,64,256,256,40,256
1,fedgsl,gnn_fedgsl_gcn,1,computers,5,64,0.0,1,0.03,0.0005,0.5674233411758923,1132.506372308731,0.03,64,256,256,40,256
2,fedgsl,gnn_fedgsl_gcn,1,computers,5,64,0.0,1,0.03,0.0005,0.8057855925031896,442.40435841083524,0.03,64,256,256,40,256
3,fedgsl,gnn_fedgsl_gcn,1,computers,5,64,0.0,1,0.03,0.0005,0.8323590458227909,346.21804159879684,0.03,64,256,256,40,256
4,fedgsl,gnn_fedgsl_gcn,1,computers,5,64,0.0,1,0.03,0.0005,0.7910301266257456,378.96643809080126,0.03,64,256,256,40,256
0,fedgsl,gnn_fedgsl_gcn,1,computers,5,64,0.0,1,0.03,0.0005,0.6991600834407897,532.278015255928,0.03,256,64,256,5,256
1,fedgsl,gnn_fedgsl_gcn,1,computers,5,64,0.0,1,0.03,0.0005,0.7204624086070418,673.7341748476028,0.03,256,64,256,5,256
2,fedgsl,gnn_fedgsl_gcn,1,computers,5,64,0.0,1,0.03,0.0005,0.8162772556821032,507.50618132352827,0.03,256,64,256,5,256
3,fedgsl,gnn_fedgsl_gcn,1,computers,5,64,0.0,1,0.03,0.0005,0.5674233411758923,1010.8093715906143,0.03,256,64,256,5,256
4,fedgsl,gnn_fedgsl_gcn,1,computers,5,64,0.0,1,0.03,0.0005,0.8128973370543594,845.4140113830566,0.03,256,64,256,5,256
0,fedgsl,gnn_fedgsl_gcn,1,computers,5,64,0.0,1,0.03,0.0005,0.5678060328921957,980.4337562799453,0.03,256,64,256,10,256
1,fedgsl,gnn_fedgsl_gcn,1,computers,5,64,0.0,1,0.03,0.0005,0.7555841844726439,421.63033879995345,0.03,256,64,256,10,256
2,fedgsl,gnn_fedgsl_gcn,1,computers,5,64,0.0,1,0.03,0.0005,0.5674233411758923,1208.0633016109466,0.03,256,64,256,10,256
3,fedgsl,gnn_fedgsl_gcn,1,computers,5,64,0.0,1,0.03,0.0005,0.5674233411758923,1011.4651504278183,0.03,256,64,256,10,256
4,fedgsl,gnn_fedgsl_gcn,1,computers,5,64,0.0,1,0.03,0.0005,0.777821638259475,952.2152553319931,0.03,256,64,256,10,256
0,fedgsl,gnn_fedgsl_gcn,1,computers,5,64,0.0,1,0.03,0.0005,0.5674279610585474,991.4315371513367,0.03,256,64,256,15,256
1,fedgsl,gnn_fedgsl_gcn,1,computers,5,64,0.0,1,0.03,0.0005,0.5937697289958229,1168.3268790721893,0.03,256,64,256,15,256
2,fedgsl,gnn_fedgsl_gcn,1,computers,5,64,0.0,1,0.03,0.0005,0.7379326973479754,768.2608387947082,0.03,256,64,256,15,256
3,fedgsl,gnn_fedgsl_gcn,1,computers,5,64,0.0,1,0.03,0.0005,0.5674233411758923,1019.1612543344497,0.03,256,64,256,15,256
4,fedgsl,gnn_fedgsl_gcn,1,computers,5,64,0.0,1,0.03,0.0005,0.7793034608979048,549.983361196518,0.03,256,64,256,15,256
0,fedgsl,gnn_fedgsl_gcn,1,computers,5,64,0.0,1,0.03,0.0005,0.5674233411758923,1210.2979237556458,0.03,256,64,256,20,256
1,fedgsl,gnn_fedgsl_gcn,1,computers,5,64,0.0,1,0.03,0.0005,0.5646490219222067,1119.6382150650024,0.03,256,64,256,20,256
2,fedgsl,gnn_fedgsl_gcn,1,computers,5,64,0.0,1,0.03,0.0005,0.7768988457821735,433.9624283194542,0.03,256,64,256,20,256
3,fedgsl,gnn_fedgsl_gcn,1,computers,5,64,0.0,1,0.03,0.0005,0.8219950929328304,461.1818726301193,0.03,256,64,256,20,256
4,fedgsl,gnn_fedgsl_gcn,1,computers,5,64,0.0,1,0.03,0.0005,0.672757725059218,765.2164526939392,0.03,256,64,256,20,256
0,fedgsl,gnn_fedgsl_gcn,1,computers,5,64,0.0,1,0.03,0.0005,0.5674233411758923,1210.327041721344,0.03,256,64,256,25,256
1,fedgsl,gnn_fedgsl_gcn,1,computers,5,64,0.0,1,0.03,0.0005,0.753208851985099,407.01463668346406,0.03,256,64,256,25,256
2,fedgsl,gnn_fedgsl_gcn,1,computers,5,64,0.0,1,0.03,0.0005,0.8234608171401085,554.5095798969269,0.03,256,64,256,25,256
3,fedgsl,gnn_fedgsl_gcn,1,computers,5,64,0.0,1,0.03,0.0005,0.8398711872781772,399.0636256456375,0.03,256,64,256,25,256
4,fedgsl,gnn_fedgsl_gcn,1,computers,5,64,0.0,1,0.03,0.0005,0.7974502696361212,402.3061869263649,0.03,256,64,256,25,256
0,fedgsl,gnn_fedgsl_gcn,1,computers,5,64,0.0,1,0.03,0.0005,0.5674233411758923,1210.3547179222107,0.03,256,64,256,30,256
1,fedgsl,gnn_fedgsl_gcn,1,computers,5,64,0.0,1,0.03,0.0005,0.569501469107602,1018.4067284822464,0.03,256,64,256,30,256
2,fedgsl,gnn_fedgsl_gcn,1,computers,5,64,0.0,1,0.03,0.0005,0.7636256790587332,454.72850140333173,0.03,256,64,256,30,256
3,fedgsl,gnn_fedgsl_gcn,1,computers,5,64,0.0,1,0.03,0.0005,0.8523169471225831,649.298627948761,0.03,256,64,256,30,256
4,fedgsl,gnn_fedgsl_gcn,1,computers,5,64,0.0,1,0.03,0.0005,0.6004574006703474,939.6343999147415,0.03,256,64,256,30,256
0,fedgsl,gnn_fedgsl_gcn,1,computers,5,64,0.0,1,0.03,0.0005,0.5674233411758923,1210.3817987442017,0.03,256,64,256,35,256
1,fedgsl,gnn_fedgsl_gcn,1,computers,5,64,0.0,1,0.03,0.0005,0.5625225407977019,1119.1747145175934,0.03,256,64,256,35,256
2,fedgsl,gnn_fedgsl_gcn,1,computers,5,64,0.0,1,0.03,0.0005,0.8015243530610421,523.8734221696853,0.03,256,64,256,35,256
3,fedgsl,gnn_fedgsl_gcn,1,computers,5,64,0.0,1,0.03,0.0005,0.5674233411758923,1031.9621095657349,0.03,256,64,256,35,256
4,fedgsl,gnn_fedgsl_gcn,1,computers,5,64,0.0,1,0.03,0.0005,0.7933606643392019,1003.5846954345703,0.03,256,64,256,35,256
0,fedgsl,gnn_fedgsl_gcn,1,computers,5,64,0.0,1,0.03,0.0005,0.5674279610585474,971.9551528215409,0.03,256,64,256,40,256
1,fedgsl,gnn_fedgsl_gcn,1,computers,5,64,0.0,1,0.03,0.0005,0.5674233411758923,968.742859005928,0.03,256,64,256,40,256
2,fedgsl,gnn_fedgsl_gcn,1,computers,5,64,0.0,1,0.03,0.0005,0.5674233411758923,1208.2610555171966,0.03,256,64,256,40,256
3,fedgsl,gnn_fedgsl_gcn,1,computers,5,64,0.0,1,0.03,0.0005,0.5674233411758923,1032.4728309154511,0.03,256,64,256,40,256
4,fedgsl,gnn_fedgsl_gcn,1,computers,5,64,0.0,1,0.03,0.0005,0.5674233411758923,1145.9832596302033,0.03,256,64,256,40,256
0,fedgsl,gnn_fedgsl_gcn,1,computers,5,64,0.0,1,0.03,0.0005,0.5674233411758923,1054.7278927326201,0.03,256,256,256,5,256
1,fedgsl,gnn_fedgsl_gcn,1,computers,5,64,0.0,1,0.03,0.0005,0.5674233411758923,1130.7482044219971,0.03,256,256,256,5,256
2,fedgsl,gnn_fedgsl_gcn,1,computers,5,64,0.0,1,0.03,0.0005,0.5674233411758923,1127.3098004817962,0.03,256,256,256,5,256
3,fedgsl,gnn_fedgsl_gcn,1,computers,5,64,0.0,1,0.03,0.0005,0.5674233411758923,981.1006823301316,0.03,256,256,256,5,256
4,fedgsl,gnn_fedgsl_gcn,1,computers,5,64,0.0,1,0.03,0.0005,0.8364214094911573,446.39135098457336,0.03,256,256,256,5,256
0,fedgsl,gnn_fedgsl_gcn,1,computers,5,64,0.0,1,0.03,0.0005,0.7237180149198771,1495.207310771942,0.03,256,256,256,10,256
1,fedgsl,gnn_fedgsl_gcn,1,computers,5,64,0.0,1,0.03,0.0005,0.5674233411758923,1130.8752754211425,0.03,256,256,256,10,256
2,fedgsl,gnn_fedgsl_gcn,1,computers,5,64,0.0,1,0.03,0.0005,0.5674233411758923,1127.4163546085358,0.03,256,256,256,10,256
3,fedgsl,gnn_fedgsl_gcn,1,computers,5,64,0.0,1,0.03,0.0005,0.5674233411758923,943.0570757627487,0.03,256,256,256,10,256
4,fedgsl,gnn_fedgsl_gcn,1,computers,5,64,0.0,1,0.03,0.0005,0.8089812464707041,344.42211494445803,0.03,256,256,256,10,256
0,fedgsl,gnn_fedgsl_gcn,1,computers,5,64,0.0,1,0.03,0.0005,0.5674233411758923,945.373516535759,0.03,256,256,256,15,256
1,fedgsl,gnn_fedgsl_gcn,1,computers,5,64,0.0,1,0.03,0.0005,0.5674233411758923,1130.9863583564759,0.03,256,256,256,15,256
2,fedgsl,gnn_fedgsl_gcn,1,computers,5,64,0.0,1,0.03,0.0005,0.5674233411758923,1127.5209558486938,0.03,256,256,256,15,256
3,fedgsl,gnn_fedgsl_gcn,1,computers,5,64,0.0,1,0.03,0.0005,0.5674233411758923,958.7999908447266,0.03,256,256,256,15,256
4,fedgsl,gnn_fedgsl_gcn,1,computers,5,64,0.0,1,0.03,0.0005,0.8568931119351173,385.0984670758247,0.03,256,256,256,15,256
0,fedgsl,gnn_fedgsl_gcn,1,computers,5,64,0.0,1,0.03,0.0005,0.8212569511287763,412.69637895822524,0.03,256,256,256,20,256
1,fedgsl,gnn_fedgsl_gcn,1,computers,5,64,0.0,1,0.03,0.0005,0.5674233411758923,1131.0891390800475,0.03,256,256,256,20,256
2,fedgsl,gnn_fedgsl_gcn,1,computers,5,64,0.0,1,0.03,0.0005,0.5674233411758923,969.0157008171082,0.03,256,256,256,20,256
3,fedgsl,gnn_fedgsl_gcn,1,computers,5,64,0.0,1,0.03,0.0005,0.5674233411758923,991.1032018423081,0.03,256,256,256,20,256
4,fedgsl,gnn_fedgsl_gcn,1,computers,5,64,0.0,1,0.03,0.0005,0.5674233411758923,1007.0490896701813,0.03,256,256,256,20,256
0,fedgsl,gnn_fedgsl_gcn,1,computers,5,64,0.0,1,0.03,0.0005,0.7965910241099345,349.6461791038513,0.03,256,256,256,25,256
1,fedgsl,gnn_fedgsl_gcn,1,computers,5,64,0.0,1,0.03,0.0005,0.5674233411758923,1131.1837003231049,0.03,256,256,256,25,256
2,fedgsl,gnn_fedgsl_gcn,1,computers,5,64,0.0,1,0.03,0.0005,0.5674233411758923,1127.7540726661682,0.03,256,256,256,25,256
3,fedgsl,gnn_fedgsl_gcn,1,computers,5,64,0.0,1,0.03,0.0005,0.5674569927525795,1036.4926857948303,0.03,256,256,256,25,256
4,fedgsl,gnn_fedgsl_gcn,1,computers,5,64,0.0,1,0.03,0.0005,0.7659222081321542,1539.3767844676972,0.03,256,256,256,25,256
0,fedgsl,gnn_fedgsl_gcn,1,computers,5,64,0.0,1,0.03,0.0005,0.5674233411758923,969.8506167650223,0.03,256,256,256,30,256
1,fedgsl,gnn_fedgsl_gcn,1,computers,5,64,0.0,1,0.03,0.0005,0.5674279610585474,964.9486277580261,0.03,256,256,256,30,256
2,fedgsl,gnn_fedgsl_gcn,1,computers,5,64,0.0,1,0.03,0.0005,0.5674233411758923,1127.7951597213746,0.03,256,256,256,30,256
3,fedgsl,gnn_fedgsl_gcn,1,computers,5,64,0.0,1,0.03,0.0005,0.5674233411758923,942.3523859024048,0.03,256,256,256,30,256
4,fedgsl,gnn_fedgsl_gcn,1,computers,5,64,0.0,1,0.03,0.0005,0.5674233411758923,930.4058335542679,0.03,256,256,256,30,256
0,fedgsl,gnn_fedgsl_gcn,1,computers,5,64,0.0,1,0.03,0.0005,0.5674233411758923,960.9225044727325,0.03,256,256,256,35,256
1,fedgsl,gnn_fedgsl_gcn,1,computers,5,64,0.0,1,0.03,0.0005,0.5674233411758923,1131.372078561783,0.03,256,256,256,35,256
2,fedgsl,gnn_fedgsl_gcn,1,computers,5,64,0.0,1,0.03,0.0005,0.5674233411758923,1127.8792772769928,0.03,256,256,256,35,256
3,fedgsl,gnn_fedgsl_gcn,1,computers,5,64,0.0,1,0.03,0.0005,0.5674233411758923,1042.201359963417,0.03,256,256,256,35,256
4,fedgsl,gnn_fedgsl_gcn,1,computers,5,64,0.0,1,0.03,0.0005,0.7731470602479456,474.2335451364517,0.03,256,256,256,35,256
0,fedgsl,gnn_fedgsl_gcn,1,computers,5,64,0.0,1,0.03,0.0005,0.5677843520062172,1069.411555671692,0.03,256,256,256,40,256
1,fedgsl,gnn_fedgsl_gcn,1,computers,5,64,0.0,1,0.03,0.0005,0.5908810657940698,960.1586555242538,0.03,256,256,256,40,256
2,fedgsl,gnn_fedgsl_gcn,1,computers,5,64,0.0,1,0.03,0.0005,0.5674233411758923,1127.9529588222504,0.03,256,256,256,40,256
3,fedgsl,gnn_fedgsl_gcn,1,computers,5,64,0.0,1,0.03,0.0005,0.5678475057068966,1033.111842775345,0.03,256,256,256,40,256
4,fedgsl,gnn_fedgsl_gcn,1,computers,5,64,0.0,1,0.03,0.0005,0.8320483676320091,458.72354476451875,0.03,256,256,256,40,256
0,fedgsl,gnn_fedgsl_gcn,1,computers,5,64,0.0,1,0.01,0.0,0.825698904049864,349.64244147539137,0.01,64,64,64,5,256
1,fedgsl,gnn_fedgsl_gcn,1,computers,5,64,0.0,1,0.01,0.0,0.8413757522665339,342.99999941587447,0.01,64,64,64,5,256
2,fedgsl,gnn_fedgsl_gcn,1,computers,5,64,0.0,1,0.01,0.0,0.8577861224046026,296.4883458852768,0.01,64,64,64,5,256
3,fedgsl,gnn_fedgsl_gcn,1,computers,5,64,0.0,1,0.01,0.0,0.8269631059749034,368.7705047369003,0.01,64,64,64,5,256
4,fedgsl,gnn_fedgsl_gcn,1,computers,5,64,0.0,1,0.01,0.0,0.844074757747563,296.2674605548382,0.01,64,64,64,5,256
0,fedgsl,gnn_fedgsl_gcn,1,computers,5,64,0.0,1,0.01,0.0,0.8642563254081146,279.596176636219,0.01,64,64,64,10,256
1,fedgsl,gnn_fedgsl_gcn,1,computers,5,64,0.0,1,0.01,0.0,0.8059867287724103,375.2815983772278,0.01,64,64,64,10,256
2,fedgsl,gnn_fedgsl_gcn,1,computers,5,64,0.0,1,0.01,0.0,0.8388642272759276,323.5581603050232,0.01,64,64,64,10,256
3,fedgsl,gnn_fedgsl_gcn,1,computers,5,64,0.0,1,0.01,0.0,0.8173102438065797,374.65246378183366,0.01,64,64,64,10,256
4,fedgsl,gnn_fedgsl_gcn,1,computers,5,64,0.0,1,0.01,0.0,0.812288127447869,331.1558977723122,0.01,64,64,64,10,256
0,fedgsl,gnn_fedgsl_gcn,1,computers,5,64,0.0,1,0.01,0.0,0.8561559254658176,325.3751556038857,0.01,64,64,64,15,256
1,fedgsl,gnn_fedgsl_gcn,1,computers,5,64,0.0,1,0.01,0.0,0.8476148319720386,293.1674871325493,0.01,64,64,64,15,256
2,fedgsl,gnn_fedgsl_gcn,1,computers,5,64,0.0,1,0.01,0.0,0.8453142668125337,308.79579026699065,0.01,64,64,64,15,256
3,fedgsl,gnn_fedgsl_gcn,1,computers,5,64,0.0,1,0.01,0.0,0.8299868302736633,358.011961555481,0.01,64,64,64,15,256
4,fedgsl,gnn_fedgsl_gcn,1,computers,5,64,0.0,1,0.01,0.0,0.8241205354705062,312.2178941488266,0.01,64,64,64,15,256
0,fedgsl,gnn_fedgsl_gcn,1,computers,5,64,0.0,1,0.01,0.0,0.8536577752183817,290.6913246035576,0.01,64,64,64,20,256
1,fedgsl,gnn_fedgsl_gcn,1,computers,5,64,0.0,1,0.01,0.0,0.807783126955296,396.6183857083321,0.01,64,64,64,20,256
2,fedgsl,gnn_fedgsl_gcn,1,computers,5,64,0.0,1,0.01,0.0,0.8315461584029494,331.5815383195877,0.01,64,64,64,20,256
3,fedgsl,gnn_fedgsl_gcn,1,computers,5,64,0.0,1,0.01,0.0,0.8315858339147532,323.9169770121574,0.01,64,64,64,20,256
4,fedgsl,gnn_fedgsl_gcn,1,computers,5,64,0.0,1,0.01,0.0,0.7930836388899747,390.64870262145996,0.01,64,64,64,20,256
0,fedgsl,gnn_fedgsl_gcn,1,computers,5,64,0.0,1,0.01,0.0,0.8566155171641536,301.7301504254341,0.01,64,64,64,25,256
1,fedgsl,gnn_fedgsl_gcn,1,computers,5,64,0.0,1,0.01,0.0,0.8281278549492519,352.76456612348557,0.01,64,64,64,25,256
2,fedgsl,gnn_fedgsl_gcn,1,computers,5,64,0.0,1,0.01,0.0,0.8450947426670524,300.47654418945314,0.01,64,64,64,25,256
3,fedgsl,gnn_fedgsl_gcn,1,computers,5,64,0.0,1,0.01,0.0,0.842363299115662,323.51324784755707,0.01,64,64,64,25,256
4,fedgsl,gnn_fedgsl_gcn,1,computers,5,64,0.0,1,0.01,0.0,0.7742863588240878,409.56121616363527,0.01,64,64,64,25,256
0,fedgsl,gnn_fedgsl_gcn,1,computers,5,64,0.0,1,0.01,0.0,0.8465638576109574,326.24589470624926,0.01,64,64,64,30,256
1,fedgsl,gnn_fedgsl_gcn,1,computers,5,64,0.0,1,0.01,0.0,0.826471350004416,379.0637466669083,0.01,64,64,64,30,256
2,fedgsl,gnn_fedgsl_gcn,1,computers,5,64,0.0,1,0.01,0.0,0.8518895739988028,303.59973670244216,0.01,64,64,64,30,256
3,fedgsl,gnn_fedgsl_gcn,1,computers,5,64,0.0,1,0.01,0.0,0.8391076855654092,320.6426100254059,0.01,64,64,64,30,256
4,fedgsl,gnn_fedgsl_gcn,1,computers,5,64,0.0,1,0.01,0.0,0.7888266321525966,376.0098267197609,0.01,64,64,64,30,256
0,fedgsl,gnn_fedgsl_gcn,1,computers,5,64,0.0,1,0.01,0.0,0.8098150560604557,371.9083119869232,0.01,64,64,64,35,256
1,fedgsl,gnn_fedgsl_gcn,1,computers,5,64,0.0,1,0.01,0.0,0.8152265551322959,359.36439726352694,0.01,64,64,64,35,256
2,fedgsl,gnn_fedgsl_gcn,1,computers,5,64,0.0,1,0.01,0.0,0.8526069685393803,302.16472538113595,0.01,64,64,64,35,256
3,fedgsl,gnn_fedgsl_gcn,1,computers,5,64,0.0,1,0.01,0.0,0.5994987999334429,853.7885787963867,0.01,64,64,64,35,256
4,fedgsl,gnn_fedgsl_gcn,1,computers,5,64,0.0,1,0.01,0.0,0.7973946717644662,361.49656134843826,0.01,64,64,64,35,256
0,fedgsl,gnn_fedgsl_gcn,1,computers,5,64,0.0,1,0.01,0.0,0.8529384772457131,310.9916802048683,0.01,64,64,64,40,256
1,fedgsl,gnn_fedgsl_gcn,1,computers,5,64,0.0,1,0.01,0.0,0.8323167154002453,341.151932656765,0.01,64,64,64,40,256
2,fedgsl,gnn_fedgsl_gcn,1,computers,5,64,0.0,1,0.01,0.0,0.8442638389091333,308.02088470458983,0.01,64,64,64,40,256
3,fedgsl,gnn_fedgsl_gcn,1,computers,5,64,0.0,1,0.01,0.0,0.8485048232300162,307.83163264989855,0.01,64,64,64,40,256
4,fedgsl,gnn_fedgsl_gcn,1,computers,5,64,0.0,1,0.01,0.0,0.7789620743142224,385.64440935850143,0.01,64,64,64,40,256
0,fedgsl,gnn_fedgsl_gcn,1,computers,5,64,0.0,1,0.01,0.0,0.7834040199978927,429.9441617012024,0.01,64,256,64,5,256
1,fedgsl,gnn_fedgsl_gcn,1,computers,5,64,0.0,1,0.01,0.0,0.8460869938157769,295.3898016989231,0.01,64,256,64,5,256
2,fedgsl,gnn_fedgsl_gcn,1,computers,5,64,0.0,1,0.01,0.0,0.8504455306775034,294.8788500547409,0.01,64,256,64,5,256
3,fedgsl,gnn_fedgsl_gcn,1,computers,5,64,0.0,1,0.01,0.0,0.8113333745675831,397.0547688126564,0.01,64,256,64,5,256
4,fedgsl,gnn_fedgsl_gcn,1,computers,5,64,0.0,1,0.01,0.0,0.8603806835141026,296.05337138175963,0.01,64,256,64,5,256
0,fedgsl,gnn_fedgsl_gcn,1,computers,5,64,0.0,1,0.01,0.0,0.8523030802372007,327.4334540843964,0.01,64,256,64,10,256
1,fedgsl,gnn_fedgsl_gcn,1,computers,5,64,0.0,1,0.01,0.0,0.8495017087362307,277.17193269729614,0.01,64,256,64,10,256
2,fedgsl,gnn_fedgsl_gcn,1,computers,5,64,0.0,1,0.01,0.0,0.8630691368317193,309.62396454811096,0.01,64,256,64,10,256
3,fedgsl,gnn_fedgsl_gcn,1,computers,5,64,0.0,1,0.01,0.0,0.8144156555614869,359.75022665262225,0.01,64,256,64,10,256
4,fedgsl,gnn_fedgsl_gcn,1,computers,5,64,0.0,1,0.01,0.0,0.8307241228721569,333.31309975385665,0.01,64,256,64,10,256
0,fedgsl,gnn_fedgsl_gcn,1,computers,5,64,0.0,1,0.01,0.0,0.8472284612329994,337.5441076159477,0.01,64,256,64,15,256
1,fedgsl,gnn_fedgsl_gcn,1,computers,5,64,0.0,1,0.01,0.0,0.8328459913514241,305.54872300624845,0.01,64,256,64,15,256
2,fedgsl,gnn_fedgsl_gcn,1,computers,5,64,0.0,1,0.01,0.0,0.8499904382577931,296.5440858602524,0.01,64,256,64,15,256
3,fedgsl,gnn_fedgsl_gcn,1,computers,5,64,0.0,1,0.01,0.0,0.8294127969003504,347.0684746980667,0.01,64,256,64,15,256
4,fedgsl,gnn_fedgsl_gcn,1,computers,5,64,0.0,1,0.01,0.0,0.8525700167155579,297.5271070599556,0.01,64,256,64,15,256
0,fedgsl,gnn_fedgsl_gcn,1,computers,5,64,0.0,1,0.01,0.0,0.8285045082556038,340.10281279087064,0.01,64,256,64,20,256
1,fedgsl,gnn_fedgsl_gcn,1,computers,5,64,0.0,1,0.01,0.0,0.839156986855541,314.0214029788971,0.01,64,256,64,20,256
2,fedgsl,gnn_fedgsl_gcn,1,computers,5,64,0.0,1,0.01,0.0,0.8675174924635242,308.5409160733223,0.01,64,256,64,20,256
3,fedgsl,gnn_fedgsl_gcn,1,computers,5,64,0.0,1,0.01,0.0,0.8431398040334173,308.2556167960167,0.01,64,256,64,20,256
4,fedgsl,gnn_fedgsl_gcn,1,computers,5,64,0.0,1,0.01,0.0,0.8501609493992515,324.1732844829559,0.01,64,256,64,20,256
0,fedgsl,gnn_fedgsl_gcn,1,computers,5,64,0.0,1,0.01,0.0,0.8124445051300885,337.7943901181221,0.01,64,256,64,25,256
1,fedgsl,gnn_fedgsl_gcn,1,computers,5,64,0.0,1,0.01,0.0,0.8540307422645803,309.24908109903333,0.01,64,256,64,25,256
2,fedgsl,gnn_fedgsl_gcn,1,computers,5,64,0.0,1,0.01,0.0,0.8335131437419504,327.85294780731203,0.01,64,256,64,25,256
3,fedgsl,gnn_fedgsl_gcn,1,computers,5,64,0.0,1,0.01,0.0,0.811550463311192,373.942164349556,0.01,64,256,64,25,256
4,fedgsl,gnn_fedgsl_gcn,1,computers,5,64,0.0,1,0.01,0.0,0.8585071959679157,301.01295759677885,0.01,64,256,64,25,256
0,fedgsl,gnn_fedgsl_gcn,1,computers,5,64,0.0,1,0.01,0.0,0.8117385891380078,426.1995089530945,0.01,64,256,64,30,256
1,fedgsl,gnn_fedgsl_gcn,1,computers,5,64,0.0,1,0.01,0.0,0.8464110528222795,313.9244609594345,0.01,64,256,64,30,256
2,fedgsl,gnn_fedgsl_gcn,1,computers,5,64,0.0,1,0.01,0.0,0.8584888153290724,287.1688709139824,0.01,64,256,64,30,256
3,fedgsl,gnn_fedgsl_gcn,1,computers,5,64,0.0,1,0.01,0.0,0.8049751488875054,401.9719191670418,0.01,64,256,64,30,256
4,fedgsl,gnn_fedgsl_gcn,1,computers,5,64,0.0,1,0.01,0.0,0.8473636212217828,339.05966851711275,0.01,64,256,64,30,256
0,fedgsl,gnn_fedgsl_gcn,1,computers,5,64,0.0,1,0.01,0.0,0.7869804767244544,428.40665785074236,0.01,64,256,64,35,256
1,fedgsl,gnn_fedgsl_gcn,1,computers,5,64,0.0,1,0.01,0.0,0.8281572581814673,313.16103211641314,0.01,64,256,64,35,256
2,fedgsl,gnn_fedgsl_gcn,1,computers,5,64,0.0,1,0.01,0.0,0.8415560640927537,331.5091926932335,0.01,64,256,64,35,256
3,fedgsl,gnn_fedgsl_gcn,1,computers,5,64,0.0,1,0.01,0.0,0.814361628259506,385.52013791799544,0.01,64,256,64,35,256
4,fedgsl,gnn_fedgsl_gcn,1,computers,5,64,0.0,1,0.01,0.0,0.8570783246926835,293.41750010848045,0.01,64,256,64,35,256
0,fedgsl,gnn_fedgsl_gcn,1,computers,5,64,0.0,1,0.01,0.0,0.8429083852118838,334.2624766111374,0.01,64,256,64,40,256
1,fedgsl,gnn_fedgsl_gcn,1,computers,5,64,0.0,1,0.01,0.0,0.8495528917462012,312.07481809854505,0.01,64,256,64,40,256
2,fedgsl,gnn_fedgsl_gcn,1,computers,5,64,0.0,1,0.01,0.0,0.8349505949712647,343.91040942668917,0.01,64,256,64,40,256
3,fedgsl,gnn_fedgsl_gcn,1,computers,5,64,0.0,1,0.01,0.0,0.8235221735378907,363.05340720415114,0.01,64,256,64,40,256
4,fedgsl,gnn_fedgsl_gcn,1,computers,5,64,0.0,1,0.01,0.0,0.8568934834733005,309.54609394073486,0.01,64,256,64,40,256
0,fedgsl,gnn_fedgsl_gcn,1,computers,5,64,0.0,1,0.01,0.0,0.8664689607547968,283.9135060310364,0.01,256,64,64,5,256
1,fedgsl,gnn_fedgsl_gcn,1,computers,5,64,0.0,1,0.01,0.0,0.8074759239311463,365.95950241088866,0.01,256,64,64,5,256
2,fedgsl,gnn_fedgsl_gcn,1,computers,5,64,0.0,1,0.01,0.0,0.8370084533068747,336.93015534877776,0.01,256,64,64,5,256
3,fedgsl,gnn_fedgsl_gcn,1,computers,5,64,0.0,1,0.01,0.0,0.8023811486974571,405.8063489675522,0.01,256,64,64,5,256
4,fedgsl,gnn_fedgsl_gcn,1,computers,5,64,0.0,1,0.01,0.0,0.8566777372423312,316.0758534431458,0.01,256,64,64,5,256
0,fedgsl,gnn_fedgsl_gcn,1,computers,5,64,0.0,1,0.01,0.0,0.8770597958357103,262.80158559679984,0.01,256,64,64,10,256
1,fedgsl,gnn_fedgsl_gcn,1,computers,5,64,0.0,1,0.01,0.0,0.8698352247555462,254.05446137785913,0.01,256,64,64,10,256
2,fedgsl,gnn_fedgsl_gcn,1,computers,5,64,0.0,1,0.01,0.0,0.8522713320926044,293.9477484226227,0.01,256,64,64,10,256
3,fedgsl,gnn_fedgsl_gcn,1,computers,5,64,0.0,1,0.01,0.0,0.8579517253772971,335.2803463101387,0.01,256,64,64,10,256
4,fedgsl,gnn_fedgsl_gcn,1,computers,5,64,0.0,1,0.01,0.0,0.8570046188285918,340.91460173130037,0.01,256,64,64,10,256
0,fedgsl,gnn_fedgsl_gcn,1,computers,5,64,0.0,1,0.01,0.0,0.8764765226970876,287.8533741354942,0.01,256,64,64,15,256
1,fedgsl,gnn_fedgsl_gcn,1,computers,5,64,0.0,1,0.01,0.0,0.8752491737040942,285.5778568804264,0.01,256,64,64,15,256
2,fedgsl,gnn_fedgsl_gcn,1,computers,5,64,0.0,1,0.01,0.0,0.8694207776572291,268.84262214303016,0.01,256,64,64,15,256
3,fedgsl,gnn_fedgsl_gcn,1,computers,5,64,0.0,1,0.01,0.0,0.8699778344441599,308.64195291996003,0.01,256,64,64,15,256
4,fedgsl,gnn_fedgsl_gcn,1,computers,5,64,0.0,1,0.01,0.0,0.858092370093998,285.8892827272415,0.01,256,64,64,15,256
0,fedgsl,gnn_fedgsl_gcn,1,computers,5,64,0.0,1,0.01,0.0,0.8667830296822057,253.16284574866296,0.01,256,64,64,20,256
1,fedgsl,gnn_fedgsl_gcn,1,computers,5,64,0.0,1,0.01,0.0,0.8896723793965542,248.6710983157158,0.01,256,64,64,20,256
2,fedgsl,gnn_fedgsl_gcn,1,computers,5,64,0.0,1,0.01,0.0,0.8243625897075265,321.44244490861894,0.01,256,64,64,20,256
3,fedgsl,gnn_fedgsl_gcn,1,computers,5,64,0.0,1,0.01,0.0,0.8021638850474149,342.9992446541786,0.01,256,64,64,20,256
4,fedgsl,gnn_fedgsl_gcn,1,computers,5,64,0.0,1,0.01,0.0,0.8821293172898794,279.87106095552446,0.01,256,64,64,20,256
0,fedgsl,gnn_fedgsl_gcn,1,computers,5,64,0.0,1,0.01,0.0,0.8555646188307936,318.8999522447586,0.01,256,64,64,25,256
1,fedgsl,gnn_fedgsl_gcn,1,computers,5,64,0.0,1,0.01,0.0,0.8263014914498321,339.46624294519427,0.01,256,64,64,25,256
2,fedgsl,gnn_fedgsl_gcn,1,computers,5,64,0.0,1,0.01,0.0,0.8408409228101981,334.84123260974883,0.01,256,64,64,25,256
3,fedgsl,gnn_fedgsl_gcn,1,computers,5,64,0.0,1,0.01,0.0,0.883344126270428,293.2787421524525,0.01,256,64,64,25,256
4,fedgsl,gnn_fedgsl_gcn,1,computers,5,64,0.0,1,0.01,0.0,0.8674018361173544,311.0595554947853,0.01,256,64,64,25,256
0,fedgsl,gnn_fedgsl_gcn,1,computers,5,64,0.0,1,0.01,0.0,0.8738313322596513,285.3987360835075,0.01,256,64,64,30,256
1,fedgsl,gnn_fedgsl_gcn,1,computers,5,64,0.0,1,0.01,0.0,0.8631940257057815,289.62635884284975,0.01,256,64,64,30,256
2,fedgsl,gnn_fedgsl_gcn,1,computers,5,64,0.0,1,0.01,0.0,0.8340295009050838,312.6656274795532,0.01,256,64,64,30,256
3,fedgsl,gnn_fedgsl_gcn,1,computers,5,64,0.0,1,0.01,0.0,0.8614567523749086,293.521548050642,0.01,256,64,64,30,256
4,fedgsl,gnn_fedgsl_gcn,1,computers,5,64,0.0,1,0.01,0.0,0.8816981734890044,246.21277902722358,0.01,256,64,64,30,256
0,fedgsl,gnn_fedgsl_gcn,1,computers,5,64,0.0,1,0.01,0.0,0.8635453335782544,294.9089354336262,0.01,256,64,64,35,256
1,fedgsl,gnn_fedgsl_gcn,1,computers,5,64,0.0,1,0.01,0.0,0.8741029875124399,284.54136619567873,0.01,256,64,64,35,256
2,fedgsl,gnn_fedgsl_gcn,1,computers,5,64,0.0,1,0.01,0.0,0.8602772861447505,281.218746227026,0.01,256,64,64,35,256
3,fedgsl,gnn_fedgsl_gcn,1,computers,5,64,0.0,1,0.01,0.0,0.8796533255957991,280.6053297460079,0.01,256,64,64,35,256
4,fedgsl,gnn_fedgsl_gcn,1,computers,5,64,0.0,1,0.01,0.0,0.857301535098318,285.20788553357124,0.01,256,64,64,35,256
0,fedgsl,gnn_fedgsl_gcn,1,computers,5,64,0.0,1,0.01,0.0,0.8678328882638702,275.40676448345187,0.01,256,64,64,40,256
1,fedgsl,gnn_fedgsl_gcn,1,computers,5,64,0.0,1,0.01,0.0,0.8271700828705226,325.2492840766907,0.01,256,64,64,40,256
2,fedgsl,gnn_fedgsl_gcn,1,computers,5,64,0.0,1,0.01,0.0,0.8493901113532646,325.85689129829404,0.01,256,64,64,40,256
3,fedgsl,gnn_fedgsl_gcn,1,computers,5,64,0.0,1,0.01,0.0,0.8509498942728081,355.1813492059708,0.01,256,64,64,40,256
4,fedgsl,gnn_fedgsl_gcn,1,computers,5,64,0.0,1,0.01,0.0,0.8483401538798233,278.955412954092,0.01,256,64,64,40,256
0,fedgsl,gnn_fedgsl_gcn,1,computers,5,64,0.0,1,0.01,0.0,0.8586867647177691,292.1014237344265,0.01,256,256,64,5,256
1,fedgsl,gnn_fedgsl_gcn,1,computers,5,64,0.0,1,0.01,0.0,0.8745215913008699,263.7833472967148,0.01,256,256,64,5,256
2,fedgsl,gnn_fedgsl_gcn,1,computers,5,64,0.0,1,0.01,0.0,0.8796505946704001,280.2282054424286,0.01,256,256,64,5,256
3,fedgsl,gnn_fedgsl_gcn,1,computers,5,64,0.0,1,0.01,0.0,0.8784849808507893,282.6803675889969,0.01,256,256,64,5,256
4,fedgsl,gnn_fedgsl_gcn,1,computers,5,64,0.0,1,0.01,0.0,0.8588281525108362,284.60317459106443,0.01,256,256,64,5,256
0,fedgsl,gnn_fedgsl_gcn,1,computers,5,64,0.0,1,0.01,0.0,0.8303865829932902,293.60391335487367,0.01,256,256,64,10,256
1,fedgsl,gnn_fedgsl_gcn,1,computers,5,64,0.0,1,0.01,0.0,0.8767397801527089,275.37927505373955,0.01,256,256,64,10,256
2,fedgsl,gnn_fedgsl_gcn,1,computers,5,64,0.0,1,0.01,0.0,0.8672201130012557,277.1152977347374,0.01,256,256,64,10,256
3,fedgsl,gnn_fedgsl_gcn,1,computers,5,64,0.0,1,0.01,0.0,0.8732967005868684,281.232869553566,0.01,256,256,64,10,256
4,fedgsl,gnn_fedgsl_gcn,1,computers,5,64,0.0,1,0.01,0.0,0.8707252232509415,315.9315411686897,0.01,256,256,64,10,256
0,fedgsl,gnn_fedgsl_gcn,1,computers,5,64,0.0,1,0.01,0.0,0.865157627545573,318.48556277751925,0.01,256,256,64,15,256
1,fedgsl,gnn_fedgsl_gcn,1,computers,5,64,0.0,1,0.01,0.0,0.8723426075308748,302.11807742118833,0.01,256,256,64,15,256
2,fedgsl,gnn_fedgsl_gcn,1,computers,5,64,0.0,1,0.01,0.0,0.8807119462753963,262.100406986475,0.01,256,256,64,15,256
3,fedgsl,gnn_fedgsl_gcn,1,computers,5,64,0.0,1,0.01,0.0,0.8742799086020326,298.602757525444,0.01,256,256,64,15,256
4,fedgsl,gnn_fedgsl_gcn,1,computers,5,64,0.0,1,0.01,0.0,0.8602114015186721,297.8659756720066,0.01,256,256,64,15,256
0,fedgsl,gnn_fedgsl_gcn,1,computers,5,64,0.0,1,0.01,0.0,0.8497289708676513,297.887788105011,0.01,256,256,64,20,256
1,fedgsl,gnn_fedgsl_gcn,1,computers,5,64,0.0,1,0.01,0.0,0.8540183083813295,295.0179271697998,0.01,256,256,64,20,256
2,fedgsl,gnn_fedgsl_gcn,1,computers,5,64,0.0,1,0.01,0.0,0.8580134750255152,279.70860117673874,0.01,256,256,64,20,256
3,fedgsl,gnn_fedgsl_gcn,1,computers,5,64,0.0,1,0.01,0.0,0.880695826131992,305.83782745599746,0.01,256,256,64,20,256
4,fedgsl,gnn_fedgsl_gcn,1,computers,5,64,0.0,1,0.01,0.0,0.8635283642292897,307.0264370679855,0.01,256,256,64,20,256
0,fedgsl,gnn_fedgsl_gcn,1,computers,5,64,0.0,1,0.01,0.0,0.7836916892648915,444.74296629428864,0.01,256,256,64,25,256
1,fedgsl,gnn_fedgsl_gcn,1,computers,5,64,0.0,1,0.01,0.0,0.8723499583389286,310.67201260328295,0.01,256,256,64,25,256
2,fedgsl,gnn_fedgsl_gcn,1,computers,5,64,0.0,1,0.01,0.0,0.8630898768577785,289.8150209903717,0.01,256,256,64,25,256
3,fedgsl,gnn_fedgsl_gcn,1,computers,5,64,0.0,1,0.01,0.0,0.8773866774219707,283.53857160806655,0.01,256,256,64,25,256
4,fedgsl,gnn_fedgsl_gcn,1,computers,5,64,0.0,1,0.01,0.0,0.8396439407864589,323.8684141874313,0.01,256,256,64,25,256
0,fedgsl,gnn_fedgsl_gcn,1,computers,5,64,0.0,1,0.01,0.0,0.8199847458218725,311.18787214756014,0.01,256,256,64,30,256
1,fedgsl,gnn_fedgsl_gcn,1,computers,5,64,0.0,1,0.01,0.0,0.8747908871664427,294.2709360361099,0.01,256,256,64,30,256
2,fedgsl,gnn_fedgsl_gcn,1,computers,5,64,0.0,1,0.01,0.0,0.8392834003860935,330.8895949482918,0.01,256,256,64,30,256
3,fedgsl,gnn_fedgsl_gcn,1,computers,5,64,0.0,1,0.01,0.0,0.8541288744148845,305.05231174230573,0.01,256,256,64,30,256
4,fedgsl,gnn_fedgsl_gcn,1,computers,5,64,0.0,1,0.01,0.0,0.8431466844115114,307.93973075151445,0.01,256,256,64,30,256
