0,fedgsl,gnn_fedgsl_gcn,1,cora,5,256,0,1,0.01,0,0.781929891,91.05300503,0.01,64,64,64,5,64,,
1,fedgsl,gnn_fedgsl_gcn,1,cora,5,256,0,1,0.01,0,0.816526554,70.70683475,0.01,64,64,64,5,64,,
2,fedgsl,gnn_fedgsl_gcn,1,cora,5,256,0,1,0.01,0,0.791567288,85.49127994,0.01,64,64,64,5,64,,
3,fedgsl,gnn_fedgsl_gcn,1,cora,5,256,0,1,0.01,0,0.805405765,120.7973416,0.01,64,64,64,5,64,,
4,fedgsl,gnn_fedgsl_gcn,1,cora,5,256,0,1,0.01,0,0.822953166,81.87506818,0.01,64,64,64,5,64,,
0,fedgsl,gnn_fedgsl_gcn,1,cora,5,256,0,1,0.01,0,0.780249219,91.31505737,0.01,64,64,64,10,64,,
1,fedgsl,gnn_fedgsl_gcn,1,cora,5,256,0,1,0.01,0,0.813475291,71.08315392,0.01,64,64,64,10,64,,
2,fedgsl,gnn_fedgsl_gcn,1,cora,5,256,0,1,0.01,0,0.791923969,85.73453548,0.01,64,64,64,10,64,,
3,fedgsl,gnn_fedgsl_gcn,1,cora,5,256,0,1,0.01,0,0.803739098,120.8550427,0.01,64,64,64,10,64,,
4,fedgsl,gnn_fedgsl_gcn,1,cora,5,256,0,1,0.01,0,0.819371927,82.40513469,0.01,64,64,64,10,64,,
0,fedgsl,gnn_fedgsl_gcn,1,cora,5,256,0,1,0.01,0,0.780043099,92.18616456,0.01,64,64,64,15,64,,
1,fedgsl,gnn_fedgsl_gcn,1,cora,5,256,0,1,0.01,0,0.815141958,70.33129908,0.01,64,64,64,15,64,,
2,fedgsl,gnn_fedgsl_gcn,1,cora,5,256,0,1,0.01,0,0.790525367,85.81977563,0.01,64,64,64,15,64,,
3,fedgsl,gnn_fedgsl_gcn,1,cora,5,256,0,1,0.01,0,0.80328987,76.76474351,0.01,64,64,64,15,64,,
4,fedgsl,gnn_fedgsl_gcn,1,cora,5,256,0,1,0.01,0,0.814653767,81.84247717,0.01,64,64,64,15,64,,
0,fedgsl,gnn_fedgsl_gcn,1,cora,5,256,0,1,0.01,0,0.780249219,91.56587185,0.01,64,64,64,20,64,,
1,fedgsl,gnn_fedgsl_gcn,1,cora,5,256,0,1,0.01,0,0.811602273,70.6623273,0.01,64,64,64,20,64,,
2,fedgsl,gnn_fedgsl_gcn,1,cora,5,256,0,1,0.01,0,0.791923969,85.47427503,0.01,64,64,64,20,64,,
3,fedgsl,gnn_fedgsl_gcn,1,cora,5,256,0,1,0.01,0,0.807506066,74.85248213,0.01,64,64,64,20,64,,
4,fedgsl,gnn_fedgsl_gcn,1,cora,5,256,0,1,0.01,0,0.817719035,82.04319618,0.01,64,64,64,20,64,,
0,fedgsl,gnn_fedgsl_gcn,1,cora,5,256,0,1,0.01,0,0.785524904,118.8650465,0.01,64,256,64,5,64,,
1,fedgsl,gnn_fedgsl_gcn,1,cora,5,256,0,1,0.01,0,0.787157869,86.57735486,0.01,64,256,64,5,64,,
2,fedgsl,gnn_fedgsl_gcn,1,cora,5,256,0,1,0.01,0,0.798480751,95.96904269,0.01,64,256,64,5,64,,
3,fedgsl,gnn_fedgsl_gcn,1,cora,5,256,0,1,0.01,0,0.802772897,73.23616322,0.01,64,256,64,5,64,,
4,fedgsl,gnn_fedgsl_gcn,1,cora,5,256,0,1,0.01,0,0.804909954,70.83664182,0.01,64,256,64,5,64,,
0,fedgsl,gnn_fedgsl_gcn,1,cora,5,256,0,1,0.01,0,0.79011538,119.140688,0.01,64,256,64,10,64,,
1,fedgsl,gnn_fedgsl_gcn,1,cora,5,256,0,1,0.01,0,0.791105767,90.0596146,0.01,64,256,64,10,64,,
2,fedgsl,gnn_fedgsl_gcn,1,cora,5,256,0,1,0.01,0,0.796800078,96.62688055,0.01,64,256,64,10,64,,
3,fedgsl,gnn_fedgsl_gcn,1,cora,5,256,0,1,0.01,0,0.796648746,75.30833704,0.01,64,256,64,10,64,,
4,fedgsl,gnn_fedgsl_gcn,1,cora,5,256,0,1,0.01,0,0.801162021,172.4832049,0.01,64,256,64,10,64,,
0,fedgsl,gnn_fedgsl_gcn,1,cora,5,256,0,1,0.01,0,0.792978554,119.4074535,0.01,64,256,64,15,64,,
1,fedgsl,gnn_fedgsl_gcn,1,cora,5,256,0,1,0.01,0,0.786937974,94.82281388,0.01,64,256,64,15,64,,
2,fedgsl,gnn_fedgsl_gcn,1,cora,5,256,0,1,0.01,0,0.801738365,95.49602629,0.01,64,256,64,15,64,,
3,fedgsl,gnn_fedgsl_gcn,1,cora,5,256,0,1,0.01,0,0.794225592,73.9102417,0.01,64,256,64,15,64,,
4,fedgsl,gnn_fedgsl_gcn,1,cora,5,256,0,1,0.01,0,0.798584713,172.1543988,0.01,64,256,64,15,64,,
0,fedgsl,gnn_fedgsl_gcn,1,cora,5,256,0,1,0.01,0,0.794411321,119.5723697,0.01,64,256,64,20,64,,
1,fedgsl,gnn_fedgsl_gcn,1,cora,5,256,0,1,0.01,0,0.787171643,85.08944328,0.01,64,256,64,20,64,,
2,fedgsl,gnn_fedgsl_gcn,1,cora,5,256,0,1,0.01,0,0.801738365,95.81905431,0.01,64,256,64,20,64,,
3,fedgsl,gnn_fedgsl_gcn,1,cora,5,256,0,1,0.01,0,0.797765277,73.63716069,0.01,64,256,64,20,64,,
4,fedgsl,gnn_fedgsl_gcn,1,cora,5,256,0,1,0.01,0,0.804557068,73.17209165,0.01,64,256,64,20,64,,
0,fedgsl,gnn_fedgsl_gcn,1,cora,5,256,0,1,0.01,0,0.79980138,72.37708179,0.01,256,64,64,5,64,,
1,fedgsl,gnn_fedgsl_gcn,1,cora,5,256,0,1,0.01,0,0.815494844,77.93367251,0.01,256,64,64,5,64,,
2,fedgsl,gnn_fedgsl_gcn,1,cora,5,256,0,1,0.01,0,0.80113401,69.21186446,0.01,256,64,64,5,64,,
3,fedgsl,gnn_fedgsl_gcn,1,cora,5,256,0,1,0.01,0,0.785579461,126.7459517,0.01,256,64,64,5,64,,
4,fedgsl,gnn_fedgsl_gcn,1,cora,5,256,0,1,0.01,0,0.793597252,97.12001243,0.01,256,64,64,5,64,,
0,fedgsl,gnn_fedgsl_gcn,1,cora,5,256,0,1,0.01,0,0.794295157,74.24879198,0.01,256,64,64,10,64,,
1,fedgsl,gnn_fedgsl_gcn,1,cora,5,256,0,1,0.01,0,0.812951932,86.42231871,0.01,256,64,64,10,64,,
2,fedgsl,gnn_fedgsl_gcn,1,cora,5,256,0,1,0.01,0,0.7890748,75.66707743,0.01,256,64,64,10,64,,
3,fedgsl,gnn_fedgsl_gcn,1,cora,5,256,0,1,0.01,0,0.783881219,74.48825675,0.01,256,64,64,10,64,,
4,fedgsl,gnn_fedgsl_gcn,1,cora,5,256,0,1,0.01,0,0.79811332,86.95978479,0.01,256,64,64,10,64,,
0,fedgsl,gnn_fedgsl_gcn,1,cora,5,256,0,1,0.01,0,0.781043003,149.7319385,0.01,256,64,64,15,64,,
1,fedgsl,gnn_fedgsl_gcn,1,cora,5,256,0,1,0.01,0,0.814096242,77.34716591,0.01,256,64,64,15,64,,
2,fedgsl,gnn_fedgsl_gcn,1,cora,5,256,0,1,0.01,0,0.805430183,78.39240952,0.01,256,64,64,15,64,,
3,fedgsl,gnn_fedgsl_gcn,1,cora,5,256,0,1,0.01,0,0.790245887,73.79183813,0.01,256,64,64,15,64,,
4,fedgsl,gnn_fedgsl_gcn,1,cora,5,256,0,1,0.01,0,0.797618511,94.60027393,0.01,256,64,64,15,64,,
0,fedgsl,gnn_fedgsl_gcn,1,cora,5,256,0,1,0.01,0,0.797628722,74.88372188,0.01,256,64,64,20,64,,
1,fedgsl,gnn_fedgsl_gcn,1,cora,5,256,0,1,0.01,0,0.808007028,73.15393674,0.01,256,64,64,20,64,,
2,fedgsl,gnn_fedgsl_gcn,1,cora,5,256,0,1,0.01,0,0.800680216,78.88859954,0.01,256,64,64,20,64,,
3,fedgsl,gnn_fedgsl_gcn,1,cora,5,256,0,1,0.01,0,0.78509127,126.3110171,0.01,256,64,64,20,64,,
4,fedgsl,gnn_fedgsl_gcn,1,cora,5,256,0,1,0.01,0,0.79713032,86.77534524,0.01,256,64,64,20,64,,
0,fedgsl,gnn_fedgsl_gcn,1,cora,5,256,0,1,0.01,0,0.801727181,87.07832196,0.01,256,256,64,5,64,,
1,fedgsl,gnn_fedgsl_gcn,1,cora,5,256,0,1,0.01,0,0.813392955,80.03022655,0.01,256,256,64,5,64,,
2,fedgsl,gnn_fedgsl_gcn,1,cora,5,256,0,1,0.01,0,0.820701195,70.77839013,0.01,256,256,64,5,64,,
3,fedgsl,gnn_fedgsl_gcn,1,cora,5,256,0,1,0.01,0,0.794851572,83.98901759,0.01,256,256,64,5,64,,
4,fedgsl,gnn_fedgsl_gcn,1,cora,5,256,0,1,0.01,0,0.79659419,87.04267852,0.01,256,256,64,5,64,,
0,fedgsl,gnn_fedgsl_gcn,1,cora,5,256,0,1,0.01,0,0.788531281,90.64490561,0.01,256,256,64,10,64,,
1,fedgsl,gnn_fedgsl_gcn,1,cora,5,256,0,1,0.01,0,0.811994353,81.88486568,0.01,256,256,64,10,64,,
2,fedgsl,gnn_fedgsl_gcn,1,cora,5,256,0,1,0.01,0,0.827128039,71.56737671,0.01,256,256,64,10,64,,
3,fedgsl,gnn_fedgsl_gcn,1,cora,5,256,0,1,0.01,0,0.793748816,82.99790387,0.01,256,256,64,10,64,,
4,fedgsl,gnn_fedgsl_gcn,1,cora,5,256,0,1,0.01,0,0.801312582,82.9602321,0.01,256,256,64,10,64,,
0,fedgsl,gnn_fedgsl_gcn,1,cora,5,256,0,1,0.01,0,0.807677018,93.73919988,0.01,256,256,64,15,64,,
1,fedgsl,gnn_fedgsl_gcn,1,cora,5,256,0,1,0.01,0,0.810313681,81.91998543,0.01,256,256,64,15,64,,
2,fedgsl,gnn_fedgsl_gcn,1,cora,5,256,0,1,0.01,0,0.828526641,71.55436596,0.01,256,256,64,15,64,,
3,fedgsl,gnn_fedgsl_gcn,1,cora,5,256,0,1,0.01,0,0.794753209,72.0048403,0.01,256,256,64,15,64,,
4,fedgsl,gnn_fedgsl_gcn,1,cora,5,256,0,1,0.01,0,0.80066362,87.13798766,0.01,256,256,64,15,64,,
0,fedgsl,gnn_fedgsl_gcn,1,cora,5,256,0,1,0.01,0,0.819502791,77.38334484,0.01,256,256,64,20,64,,
1,fedgsl,gnn_fedgsl_gcn,1,cora,5,256,0,1,0.01,0,0.808172597,81.97458429,0.01,256,256,64,20,64,,
2,fedgsl,gnn_fedgsl_gcn,1,cora,5,256,0,1,0.01,0,0.827079868,69.16650326,0.01,256,256,64,20,64,,
3,fedgsl,gnn_fedgsl_gcn,1,cora,5,256,0,1,0.01,0,0.795195588,81.40113208,0.01,256,256,64,20,64,,
4,fedgsl,gnn_fedgsl_gcn,1,cora,5,256,0,1,0.01,0,0.78881053,88.87994803,0.01,256,256,64,20,64,,
0,fedgsl,gnn_fedgsl_gcn,1,cora,5,256,0,1,0.01,0,0.769462236,99.17622073,0.01,64,64,256,5,64,,
1,fedgsl,gnn_fedgsl_gcn,1,cora,5,256,0,1,0.01,0,0.79195198,75.31123068,0.01,64,64,256,5,64,,
2,fedgsl,gnn_fedgsl_gcn,1,cora,5,256,0,1,0.01,0,0.791621506,94.88321514,0.01,64,64,256,5,64,,
3,fedgsl,gnn_fedgsl_gcn,1,cora,5,256,0,1,0.01,0,0.808959224,101.1518287,0.01,64,64,256,5,64,,
4,fedgsl,gnn_fedgsl_gcn,1,cora,5,256,0,1,0.01,0,0.795617345,73.88201389,0.01,64,64,256,5,64,,
0,fedgsl,gnn_fedgsl_gcn,1,cora,5,256,0,1,0.01,0,0.769256116,98.73878453,0.01,64,64,256,10,64,,
1,fedgsl,gnn_fedgsl_gcn,1,cora,5,256,0,1,0.01,0,0.800725796,74.83692118,0.01,64,64,256,10,64,,
2,fedgsl,gnn_fedgsl_gcn,1,cora,5,256,0,1,0.01,0,0.793240234,90.91856514,0.01,64,64,256,10,64,,
3,fedgsl,gnn_fedgsl_gcn,1,cora,5,256,0,1,0.01,0,0.819825953,70.05303487,0.01,64,64,256,10,64,,
4,fedgsl,gnn_fedgsl_gcn,1,cora,5,256,0,1,0.01,0,0.795617345,73.4959524,0.01,64,64,256,10,64,,
0,fedgsl,gnn_fedgsl_gcn,1,cora,5,256,0,1,0.01,0,0.776081195,96.87156144,0.01,64,64,256,15,64,,
1,fedgsl,gnn_fedgsl_gcn,1,cora,5,256,0,1,0.01,0,0.801890498,74.13528317,0.01,64,64,256,15,64,,
2,fedgsl,gnn_fedgsl_gcn,1,cora,5,256,0,1,0.01,0,0.790567616,84.96619039,0.01,64,64,256,15,64,,
3,fedgsl,gnn_fedgsl_gcn,1,cora,5,256,0,1,0.01,0,0.812691024,71.19948676,0.01,64,64,256,15,64,,
4,fedgsl,gnn_fedgsl_gcn,1,cora,5,256,0,1,0.01,0,0.798026494,72.17761645,0.01,64,64,256,15,64,,
0,fedgsl,gnn_fedgsl_gcn,1,cora,5,256,0,1,0.01,0,0.791394455,101.7663831,0.01,64,64,256,20,64,,
1,fedgsl,gnn_fedgsl_gcn,1,cora,5,256,0,1,0.01,0,0.811829016,73.20254648,0.01,64,64,256,20,64,,
2,fedgsl,gnn_fedgsl_gcn,1,cora,5,256,0,1,0.01,0,0.794375366,83.30421189,0.01,64,64,256,20,64,,
3,fedgsl,gnn_fedgsl_gcn,1,cora,5,256,0,1,0.01,0,0.808014417,72.26683134,0.01,64,64,256,20,64,,
4,fedgsl,gnn_fedgsl_gcn,1,cora,5,256,0,1,0.01,0,0.81184279,145.1225875,0.01,64,64,256,20,64,,
0,fedgsl,gnn_fedgsl_gcn,1,cora,5,256,0,1,0.01,0,0.776077168,100.3342962,0.01,64,256,256,5,64,,
1,fedgsl,gnn_fedgsl_gcn,1,cora,5,256,0,1,0.01,0,0.799851804,88.12010751,0.01,64,256,256,5,64,,
2,fedgsl,gnn_fedgsl_gcn,1,cora,5,256,0,1,0.01,0,0.803728888,86.3969957,0.01,64,256,256,5,64,,
3,fedgsl,gnn_fedgsl_gcn,1,cora,5,256,0,1,0.01,0,0.794594797,111.0146333,0.01,64,256,256,5,64,,
4,fedgsl,gnn_fedgsl_gcn,1,cora,5,256,0,1,0.01,0,0.805673367,62.15566139,0.01,64,256,256,5,64,,
0,fedgsl,gnn_fedgsl_gcn,1,cora,5,256,0,1,0.01,0,0.789521437,98.67440811,0.01,64,256,256,10,64,,
1,fedgsl,gnn_fedgsl_gcn,1,cora,5,256,0,1,0.01,0,0.798185137,87.99773718,0.01,64,256,256,10,64,,
2,fedgsl,gnn_fedgsl_gcn,1,cora,5,256,0,1,0.01,0,0.806752602,81.66213242,0.01,64,256,256,10,64,,
3,fedgsl,gnn_fedgsl_gcn,1,cora,5,256,0,1,0.01,0,0.793796987,87.95368462,0.01,64,256,256,10,64,,
4,fedgsl,gnn_fedgsl_gcn,1,cora,5,256,0,1,0.01,0,0.801837837,62.17808728,0.01,64,256,256,10,64,,
0,fedgsl,gnn_fedgsl_gcn,1,cora,5,256,0,1,0.01,0,0.796050439,75.01908722,0.01,64,256,256,15,64,,
1,fedgsl,gnn_fedgsl_gcn,1,cora,5,256,0,1,0.01,0,0.799851804,87.31400096,0.01,64,256,256,15,64,,
2,fedgsl,gnn_fedgsl_gcn,1,cora,5,256,0,1,0.01,0,0.79877021,98.41550428,0.01,64,256,256,15,64,,
3,fedgsl,gnn_fedgsl_gcn,1,cora,5,256,0,1,0.01,0,0.794285178,89.02180356,0.01,64,256,256,15,64,,
4,fedgsl,gnn_fedgsl_gcn,1,cora,5,256,0,1,0.01,0,0.806570003,62.45647783,0.01,64,256,256,15,64,,
0,fedgsl,gnn_fedgsl_gcn,1,cora,5,256,0,1,0.01,0,0.78852107,108.9268087,0.01,64,256,256,20,64,,
1,fedgsl,gnn_fedgsl_gcn,1,cora,5,256,0,1,0.01,0,0.797979017,87.5571589,0.01,64,256,256,20,64,,
2,fedgsl,gnn_fedgsl_gcn,1,cora,5,256,0,1,0.01,0,0.800085472,88.59530866,0.01,64,256,256,20,64,,
3,fedgsl,gnn_fedgsl_gcn,1,cora,5,256,0,1,0.01,0,0.795683779,88.81264874,0.01,64,256,256,20,64,,
4,fedgsl,gnn_fedgsl_gcn,1,cora,5,256,0,1,0.01,0,0.804683211,62.26999935,0.01,64,256,256,20,64,,
0,fedgsl,gnn_fedgsl_gcn,1,cora,5,256,0,1,0.01,0,0.790951613,109.8343655,0.01,256,64,256,5,64,,
1,fedgsl,gnn_fedgsl_gcn,1,cora,5,256,0,1,0.01,0,0.81187316,62.46044446,0.01,256,64,256,5,64,,
2,fedgsl,gnn_fedgsl_gcn,1,cora,5,256,0,1,0.01,0,0.815107792,71.2310141,0.01,256,64,256,5,64,,
3,fedgsl,gnn_fedgsl_gcn,1,cora,5,256,0,1,0.01,0,0.799714246,97.57961839,0.01,256,64,256,5,64,,
4,fedgsl,gnn_fedgsl_gcn,1,cora,5,256,0,1,0.01,0,0.788178163,89.96688948,0.01,256,64,256,5,64,,
0,fedgsl,gnn_fedgsl_gcn,1,cora,5,256,0,1,0.01,0,0.793515148,81.83904552,0.01,256,64,256,10,64,,
1,fedgsl,gnn_fedgsl_gcn,1,cora,5,256,0,1,0.01,0,0.809938428,62.83929435,0.01,256,64,256,10,64,,
2,fedgsl,gnn_fedgsl_gcn,1,cora,5,256,0,1,0.01,0,0.806780382,100.9311329,0.01,256,64,256,10,64,,
3,fedgsl,gnn_fedgsl_gcn,1,cora,5,256,0,1,0.01,0,0.80345982,104.2456269,0.01,256,64,256,10,64,,
4,fedgsl,gnn_fedgsl_gcn,1,cora,5,256,0,1,0.01,0,0.77931237,96.71947886,0.01,256,64,256,10,64,,
0,fedgsl,gnn_fedgsl_gcn,1,cora,5,256,0,1,0.01,0,0.796621969,79.24848443,0.01,256,64,256,15,64,,
1,fedgsl,gnn_fedgsl_gcn,1,cora,5,256,0,1,0.01,0,0.810626122,61.04869484,0.01,256,64,256,15,64,,
2,fedgsl,gnn_fedgsl_gcn,1,cora,5,256,0,1,0.01,0,0.803650916,102.5539814,0.01,256,64,256,15,64,,
3,fedgsl,gnn_fedgsl_gcn,1,cora,5,256,0,1,0.01,0,0.809900669,99.09995567,0.01,256,64,256,15,64,,
4,fedgsl,gnn_fedgsl_gcn,1,cora,5,256,0,1,0.01,0,0.801628587,91.98639261,0.01,256,64,256,15,64,,
0,fedgsl,gnn_fedgsl_gcn,1,cora,5,256,0,1,0.01,0,0.792095923,76.11832384,0.01,256,64,256,20,64,,
1,fedgsl,gnn_fedgsl_gcn,1,cora,5,256,0,1,0.01,0,0.809893821,65.17495575,0.01,256,64,256,20,64,,
2,fedgsl,gnn_fedgsl_gcn,1,cora,5,256,0,1,0.01,0,0.809451442,105.8830982,0.01,256,64,256,20,64,,
3,fedgsl,gnn_fedgsl_gcn,1,cora,5,256,0,1,0.01,0,0.811643287,98.15670266,0.01,256,64,256,20,64,,
4,fedgsl,gnn_fedgsl_gcn,1,cora,5,256,0,1,0.01,0,0.789569376,90.78673472,0.01,256,64,256,20,64,,
0,fedgsl,gnn_fedgsl_gcn,1,cora,5,256,0,1,0.01,0,0.816808856,81.22687777,0.01,256,256,256,5,64,,
1,fedgsl,gnn_fedgsl_gcn,1,cora,5,256,0,1,0.01,0,0.820376089,72.47890855,0.01,256,256,256,5,64,,
2,fedgsl,gnn_fedgsl_gcn,1,cora,5,256,0,1,0.01,0,0.816725285,65.46629059,0.01,256,256,256,5,64,,
3,fedgsl,gnn_fedgsl_gcn,1,cora,5,256,0,1,0.01,0,0.776418825,105.52908,0.01,256,256,256,5,64,,
4,fedgsl,gnn_fedgsl_gcn,1,cora,5,256,0,1,0.01,0,0.794900746,92.3858969,0.01,256,256,256,5,64,,
0,fedgsl,gnn_fedgsl_gcn,1,cora,5,256,0,1,0.01,0,0.787836969,95.57636639,0.01,256,256,256,10,64,,
1,fedgsl,gnn_fedgsl_gcn,1,cora,5,256,0,1,0.01,0,0.805546578,93.29172229,0.01,256,256,256,10,64,,
2,fedgsl,gnn_fedgsl_gcn,1,cora,5,256,0,1,0.01,0,0.811285034,64.50149122,0.01,256,256,256,10,64,,
3,fedgsl,gnn_fedgsl_gcn,1,cora,5,256,0,1,0.01,0,0.805154266,94.69328394,0.01,256,256,256,10,64,,
4,fedgsl,gnn_fedgsl_gcn,1,cora,5,256,0,1,0.01,0,0.803323265,74.64812516,0.01,256,256,256,10,64,,
0,fedgsl,gnn_fedgsl_gcn,1,cora,5,256,0,1,0.01,0,0.788070869,95.71201702,0.01,256,256,256,15,64,,
1,fedgsl,gnn_fedgsl_gcn,1,cora,5,256,0,1,0.01,0,0.802807062,71.73577768,0.01,256,256,256,15,64,,
2,fedgsl,gnn_fedgsl_gcn,1,cora,5,256,0,1,0.01,0,0.813171826,64.06277587,0.01,256,256,256,15,64,,
3,fedgsl,gnn_fedgsl_gcn,1,cora,5,256,0,1,0.01,0,0.804927986,97.70089352,0.01,256,256,256,15,64,,
4,fedgsl,gnn_fedgsl_gcn,1,cora,5,256,0,1,0.01,0,0.79776628,92.80901371,0.01,256,256,256,15,64,,
0,fedgsl,gnn_fedgsl_gcn,1,cora,5,256,0,1,0.01,0,0.790624193,94.55324936,0.01,256,256,256,20,64,,
1,fedgsl,gnn_fedgsl_gcn,1,cora,5,256,0,1,0.01,0,0.80507955,94.21205584,0.01,256,256,256,20,64,,
2,fedgsl,gnn_fedgsl_gcn,1,cora,5,256,0,1,0.01,0,0.817649701,63.91406007,0.01,256,256,256,20,64,,
3,fedgsl,gnn_fedgsl_gcn,1,cora,5,256,0,1,0.01,0,0.796181718,92.80935307,0.01,256,256,256,20,64,,
4,fedgsl,gnn_fedgsl_gcn,1,cora,5,256,0,1,0.01,0,0.796347287,94.98106319,0.01,256,256,256,20,64,,
0,fedgsl,gnn_fedgsl_gcn,1,cora,5,256,0,2,0.01,0,0.795425462,94.41625835,0.01,64,64,64,5,64,,
1,fedgsl,gnn_fedgsl_gcn,1,cora,5,256,0,2,0.01,0,0.800698017,83.71870775,0.01,64,64,64,5,64,,
2,fedgsl,gnn_fedgsl_gcn,1,cora,5,256,0,2,0.01,0,0.786689837,78.40529411,0.01,64,64,64,5,64,,
3,fedgsl,gnn_fedgsl_gcn,1,cora,5,256,0,2,0.01,0,0.79382074,91.23160057,0.01,64,64,64,5,64,,
4,fedgsl,gnn_fedgsl_gcn,1,cora,5,256,0,2,0.01,0,0.807082612,77.05901879,0.01,64,64,64,5,64,,
0,fedgsl,gnn_fedgsl_gcn,1,cora,5,256,0,2,0.01,0,0.792078123,96.01524622,0.01,64,64,64,10,64,,
1,fedgsl,gnn_fedgsl_gcn,1,cora,5,256,0,2,0.01,0,0.799425558,86.36049812,0.01,64,64,64,10,64,,
2,fedgsl,gnn_fedgsl_gcn,1,cora,5,256,0,2,0.01,0,0.786689837,78.52874904,0.01,64,64,64,10,64,,
3,fedgsl,gnn_fedgsl_gcn,1,cora,5,256,0,2,0.01,0,0.79382074,91.16628788,0.01,64,64,64,10,64,,
4,fedgsl,gnn_fedgsl_gcn,1,cora,5,256,0,2,0.01,0,0.807082612,77.15429457,0.01,64,64,64,10,64,,
0,fedgsl,gnn_fedgsl_gcn,1,cora,5,256,0,2,0.01,0,0.79042523,95.72151755,0.01,64,64,64,15,64,,
1,fedgsl,gnn_fedgsl_gcn,1,cora,5,256,0,2,0.01,0,0.799425558,86.1655648,0.01,64,64,64,15,64,,
2,fedgsl,gnn_fedgsl_gcn,1,cora,5,256,0,2,0.01,0,0.793810761,79.35016686,0.01,64,64,64,15,64,,
3,fedgsl,gnn_fedgsl_gcn,1,cora,5,256,0,2,0.01,0,0.79382074,91.10921633,0.01,64,64,64,15,64,,
4,fedgsl,gnn_fedgsl_gcn,1,cora,5,256,0,2,0.01,0,0.807082612,77.08318918,0.01,64,64,64,15,64,,
0,fedgsl,gnn_fedgsl_gcn,1,cora,5,256,0,2,0.01,0,0.79042523,96.2522843,0.01,64,64,64,20,64,,
1,fedgsl,gnn_fedgsl_gcn,1,cora,5,256,0,2,0.01,0,0.80110623,83.60973644,0.01,64,64,64,20,64,,
2,fedgsl,gnn_fedgsl_gcn,1,cora,5,256,0,2,0.01,0,0.785009165,78.45902894,0.01,64,64,64,20,64,,
3,fedgsl,gnn_fedgsl_gcn,1,cora,5,256,0,2,0.01,0,0.79382074,91.18714031,0.01,64,64,64,20,64,,
4,fedgsl,gnn_fedgsl_gcn,1,cora,5,256,0,2,0.01,0,0.805684011,77.0117485,0.01,64,64,64,20,64,,
0,fedgsl,gnn_fedgsl_gcn,1,cora,5,256,0,2,0.01,0,0.804299415,78.91383497,0.01,64,256,64,5,64,,
1,fedgsl,gnn_fedgsl_gcn,1,cora,5,256,0,2,0.01,0,0.792566314,87.4125266,0.01,64,256,64,5,64,,
2,fedgsl,gnn_fedgsl_gcn,1,cora,5,256,0,2,0.01,0,0.788460234,94.37049801,0.01,64,256,64,5,64,,
3,fedgsl,gnn_fedgsl_gcn,1,cora,5,256,0,2,0.01,0,0.793501913,85.23851792,0.01,64,256,64,5,64,,
4,fedgsl,gnn_fedgsl_gcn,1,cora,5,256,0,2,0.01,0,0.801560256,79.83714125,0.01,64,256,64,5,64,,
0,fedgsl,gnn_fedgsl_gcn,1,cora,5,256,0,2,0.01,0,0.801007636,77.25099745,0.01,64,256,64,10,64,,
1,fedgsl,gnn_fedgsl_gcn,1,cora,5,256,0,2,0.01,0,0.797772665,88.11558101,0.01,64,256,64,10,64,,
2,fedgsl,gnn_fedgsl_gcn,1,cora,5,256,0,2,0.01,0,0.78844646,94.3306852,0.01,64,256,64,10,64,,
3,fedgsl,gnn_fedgsl_gcn,1,cora,5,256,0,2,0.01,0,0.789962228,85.20863405,0.01,64,256,64,10,64,,
4,fedgsl,gnn_fedgsl_gcn,1,cora,5,256,0,2,0.01,0,0.803213148,80.32381448,0.01,64,256,64,10,64,,
0,fedgsl,gnn_fedgsl_gcn,1,cora,5,256,0,2,0.01,0,0.800979856,77.43883791,0.01,64,256,64,15,64,,
1,fedgsl,gnn_fedgsl_gcn,1,cora,5,256,0,2,0.01,0,0.796374064,88.29721035,0.01,64,256,64,15,64,,
2,fedgsl,gnn_fedgsl_gcn,1,cora,5,256,0,2,0.01,0,0.790835218,92.68263819,0.01,64,256,64,15,64,,
3,fedgsl,gnn_fedgsl_gcn,1,cora,5,256,0,2,0.01,0,0.805121103,86.60620092,0.01,64,256,64,15,64,,
4,fedgsl,gnn_fedgsl_gcn,1,cora,5,256,0,2,0.01,0,0.801814547,80.0139184,0.01,64,256,64,15,64,,
0,fedgsl,gnn_fedgsl_gcn,1,cora,5,256,0,2,0.01,0,0.802894428,77.23744843,0.01,64,256,64,20,64,,
1,fedgsl,gnn_fedgsl_gcn,1,cora,5,256,0,2,0.01,0,0.79308867,88.13498783,0.01,64,256,64,20,64,,
2,fedgsl,gnn_fedgsl_gcn,1,cora,5,256,0,2,0.01,0,0.789202717,92.79543397,0.01,64,256,64,20,64,,
3,fedgsl,gnn_fedgsl_gcn,1,cora,5,256,0,2,0.01,0,0.801581418,86.47006809,0.01,64,256,64,20,64,,
4,fedgsl,gnn_fedgsl_gcn,1,cora,5,256,0,2,0.01,0,0.801560256,80.63504238,0.01,64,256,64,20,64,,
0,fedgsl,gnn_fedgsl_gcn,1,cora,5,256,0,2,0.01,0,0.806952674,92.29255258,0.01,256,64,64,5,64,,
1,fedgsl,gnn_fedgsl_gcn,1,cora,5,256,0,2,0.01,0,0.774242342,93.24987009,0.01,256,64,64,5,64,,
2,fedgsl,gnn_fedgsl_gcn,1,cora,5,256,0,2,0.01,0,0.794941066,80.12758119,0.01,256,64,64,5,64,,
3,fedgsl,gnn_fedgsl_gcn,1,cora,5,256,0,2,0.01,0,0.817774826,78.81795396,0.01,256,64,64,5,64,,
4,fedgsl,gnn_fedgsl_gcn,1,cora,5,256,0,2,0.01,0,0.799742026,91.42509772,0.01,256,64,64,5,64,,
0,fedgsl,gnn_fedgsl_gcn,1,cora,5,256,0,2,0.01,0,0.813289562,92.02939125,0.01,256,64,64,10,64,,
1,fedgsl,gnn_fedgsl_gcn,1,cora,5,256,0,2,0.01,0,0.779180628,92.07106186,0.01,256,64,64,10,64,,
2,fedgsl,gnn_fedgsl_gcn,1,cora,5,256,0,2,0.01,0,0.794941066,80.38192841,0.01,256,64,64,10,64,,
3,fedgsl,gnn_fedgsl_gcn,1,cora,5,256,0,2,0.01,0,0.818042891,78.30328605,0.01,256,64,64,10,64,,
4,fedgsl,gnn_fedgsl_gcn,1,cora,5,256,0,2,0.01,0,0.804102165,115.4856775,0.01,256,64,64,10,64,,
0,fedgsl,gnn_fedgsl_gcn,1,cora,5,256,0,2,0.01,0,0.813219997,111.2394651,0.01,256,64,64,15,64,,
1,fedgsl,gnn_fedgsl_gcn,1,cora,5,256,0,2,0.01,0,0.775895234,92.22033668,0.01,256,64,64,15,64,,
2,fedgsl,gnn_fedgsl_gcn,1,cora,5,256,0,2,0.01,0,0.795443262,80.26081994,0.01,256,64,64,15,64,,
3,fedgsl,gnn_fedgsl_gcn,1,cora,5,256,0,2,0.01,0,0.81636245,78.10353541,0.01,256,64,64,15,64,,
4,fedgsl,gnn_fedgsl_gcn,1,cora,5,256,0,2,0.01,0,0.807993023,73.03617339,0.01,256,64,64,15,64,,
0,fedgsl,gnn_fedgsl_gcn,1,cora,5,256,0,2,0.01,0,0.811127084,110.5321695,0.01,256,64,64,20,64,,
1,fedgsl,gnn_fedgsl_gcn,1,cora,5,256,0,2,0.01,0,0.780579229,89.78290823,0.01,256,64,64,20,64,,
2,fedgsl,gnn_fedgsl_gcn,1,cora,5,256,0,2,0.01,0,0.795443262,80.31796583,0.01,256,64,64,20,64,,
3,fedgsl,gnn_fedgsl_gcn,1,cora,5,256,0,2,0.01,0,0.81636245,77.65922239,0.01,256,64,64,20,64,,
4,fedgsl,gnn_fedgsl_gcn,1,cora,5,256,0,2,0.01,0,0.809673695,73.19777621,0.01,256,64,64,20,64,,
0,fedgsl,gnn_fedgsl_gcn,1,cora,5,256,0,2,0.01,0,0.813677616,80.5799677,0.01,256,256,64,5,64,,
1,fedgsl,gnn_fedgsl_gcn,1,cora,5,256,0,2,0.01,0,0.8049897,79.36631727,0.01,256,256,64,5,64,,
2,fedgsl,gnn_fedgsl_gcn,1,cora,5,256,0,2,0.01,0,0.796041801,85.26229244,0.01,256,256,64,5,64,,
3,fedgsl,gnn_fedgsl_gcn,1,cora,5,256,0,2,0.01,0,0.797517371,82.4239797,0.01,256,256,64,5,64,,
4,fedgsl,gnn_fedgsl_gcn,1,cora,5,256,0,2,0.01,0,0.78813661,128.504081,0.01,256,256,64,5,64,,
0,fedgsl,gnn_fedgsl_gcn,1,cora,5,256,0,2,0.01,0,0.817705261,77.91751245,0.01,256,256,64,10,64,,
1,fedgsl,gnn_fedgsl_gcn,1,cora,5,256,0,2,0.01,0,0.8049897,79.40869752,0.01,256,256,64,10,64,,
2,fedgsl,gnn_fedgsl_gcn,1,cora,5,256,0,2,0.01,0,0.794567249,85.4581286,0.01,256,256,64,10,64,,
3,fedgsl,gnn_fedgsl_gcn,1,cora,5,256,0,2,0.01,0,0.802249306,81.21263863,0.01,256,256,64,10,64,,
4,fedgsl,gnn_fedgsl_gcn,1,cora,5,256,0,2,0.01,0,0.784555139,153.5353444,0.01,256,256,64,10,64,,
0,fedgsl,gnn_fedgsl_gcn,1,cora,5,256,0,2,0.01,0,0.817485366,79.61479793,0.01,256,256,64,15,64,,
1,fedgsl,gnn_fedgsl_gcn,1,cora,5,256,0,2,0.01,0,0.8049897,79.52696368,0.01,256,256,64,15,64,,
2,fedgsl,gnn_fedgsl_gcn,1,cora,5,256,0,2,0.01,0,0.79596585,85.3234356,0.01,256,256,64,15,64,,
3,fedgsl,gnn_fedgsl_gcn,1,cora,5,256,0,2,0.01,0,0.798005563,82.41801869,0.01,256,256,64,15,64,,
4,fedgsl,gnn_fedgsl_gcn,1,cora,5,256,0,2,0.01,0,0.787620407,135.9992299,0.01,256,256,64,15,64,,
0,fedgsl,gnn_fedgsl_gcn,1,cora,5,256,0,2,0.01,0,0.810110151,80.16011976,0.01,256,256,64,20,64,,
1,fedgsl,gnn_fedgsl_gcn,1,cora,5,256,0,2,0.01,0,0.803309027,79.59514141,0.01,256,256,64,20,64,,
2,fedgsl,gnn_fedgsl_gcn,1,cora,5,256,0,2,0.01,0,0.79596585,85.21672326,0.01,256,256,64,20,64,,
3,fedgsl,gnn_fedgsl_gcn,1,cora,5,256,0,2,0.01,0,0.802751503,81.03491549,0.01,256,256,64,20,64,,
4,fedgsl,gnn_fedgsl_gcn,1,cora,5,256,0,2,0.01,0,0.785967746,128.3422415,0.01,256,256,64,20,64,,
0,fedgsl,gnn_fedgsl_gcn,1,cora,5,256,0,2,0.01,0,0.798951141,82.23363559,0.01,64,64,256,5,64,,
1,fedgsl,gnn_fedgsl_gcn,1,cora,5,256,0,2,0.01,0,0.803707725,82.20002015,0.01,64,64,256,5,64,,
2,fedgsl,gnn_fedgsl_gcn,1,cora,5,256,0,2,0.01,0,0.796607964,78.71682934,0.01,64,64,256,5,64,,
3,fedgsl,gnn_fedgsl_gcn,1,cora,5,256,0,2,0.01,0,0.798002539,120.7234243,0.01,64,64,256,5,64,,
4,fedgsl,gnn_fedgsl_gcn,1,cora,5,256,0,2,0.01,0,0.815598574,166.252542,0.01,64,64,256,5,64,,
0,fedgsl,gnn_fedgsl_gcn,1,cora,5,256,0,2,0.01,0,0.795899647,82.27045723,0.01,64,64,256,10,64,,
1,fedgsl,gnn_fedgsl_gcn,1,cora,5,256,0,2,0.01,0,0.803707725,82.52466215,0.01,64,64,256,10,64,,
2,fedgsl,gnn_fedgsl_gcn,1,cora,5,256,0,2,0.01,0,0.796607964,78.9146844,0.01,64,64,256,10,64,,
3,fedgsl,gnn_fedgsl_gcn,1,cora,5,256,0,2,0.01,0,0.797988765,120.7459404,0.01,64,64,256,10,64,,
4,fedgsl,gnn_fedgsl_gcn,1,cora,5,256,0,2,0.01,0,0.815378448,166.143903,0.01,64,64,256,10,64,,
0,fedgsl,gnn_fedgsl_gcn,1,cora,5,256,0,2,0.01,0,0.795617576,82.21189281,0.01,64,64,256,15,64,,
1,fedgsl,gnn_fedgsl_gcn,1,cora,5,256,0,2,0.01,0,0.803707725,83.21802053,0.01,64,64,256,15,64,,
2,fedgsl,gnn_fedgsl_gcn,1,cora,5,256,0,2,0.01,0,0.798494756,78.6987236,0.01,64,64,256,15,64,,
3,fedgsl,gnn_fedgsl_gcn,1,cora,5,256,0,2,0.01,0,0.797988765,120.8043869,0.01,64,64,256,15,64,,
4,fedgsl,gnn_fedgsl_gcn,1,cora,5,256,0,2,0.01,0,0.806126622,106.0538999,0.01,64,64,256,15,64,,
0,fedgsl,gnn_fedgsl_gcn,1,cora,5,256,0,2,0.01,0,0.795899647,82.29925779,0.01,64,64,256,20,64,,
1,fedgsl,gnn_fedgsl_gcn,1,cora,5,256,0,2,0.01,0,0.803707725,83.07698057,0.01,64,64,256,20,64,,
2,fedgsl,gnn_fedgsl_gcn,1,cora,5,256,0,2,0.01,0,0.796607964,78.88635728,0.01,64,64,256,20,64,,
3,fedgsl,gnn_fedgsl_gcn,1,cora,5,256,0,2,0.01,0,0.796576158,120.7177933,0.01,64,64,256,20,64,,
4,fedgsl,gnn_fedgsl_gcn,1,cora,5,256,0,2,0.01,0,0.805684011,75.15802063,0.01,64,64,256,20,64,,
0,fedgsl,gnn_fedgsl_gcn,1,cora,5,256,0,2,0.01,0,0.810588132,80.41928476,0.01,64,256,256,5,64,,
1,fedgsl,gnn_fedgsl_gcn,1,cora,5,256,0,2,0.01,0,0.795271308,85.75268238,0.01,64,256,256,5,64,,
2,fedgsl,gnn_fedgsl_gcn,1,cora,5,256,0,2,0.01,0,0.799601646,80.08103082,0.01,64,256,256,5,64,,
3,fedgsl,gnn_fedgsl_gcn,1,cora,5,256,0,2,0.01,0,0.798880326,79.11731048,0.01,64,256,256,5,64,,
4,fedgsl,gnn_fedgsl_gcn,1,cora,5,256,0,2,0.01,0,0.80042972,78.21068251,0.01,64,256,256,5,64,,
0,fedgsl,gnn_fedgsl_gcn,1,cora,5,256,0,2,0.01,0,0.803749511,78.70846465,0.01,64,256,256,10,64,,
1,fedgsl,gnn_fedgsl_gcn,1,cora,5,256,0,2,0.01,0,0.795017016,86.23327345,0.01,64,256,256,10,64,,
2,fedgsl,gnn_fedgsl_gcn,1,cora,5,256,0,2,0.01,0,0.810196514,75.45214611,0.01,64,256,256,10,64,,
3,fedgsl,gnn_fedgsl_gcn,1,cora,5,256,0,2,0.01,0,0.790602321,83.03054717,0.01,64,256,256,10,64,,
4,fedgsl,gnn_fedgsl_gcn,1,cora,5,256,0,2,0.01,0,0.80042972,78.30068296,0.01,64,256,256,10,64,,
0,fedgsl,gnn_fedgsl_gcn,1,cora,5,256,0,2,0.01,0,0.802096618,78.4607795,0.01,64,256,256,15,64,,
1,fedgsl,gnn_fedgsl_gcn,1,cora,5,256,0,2,0.01,0,0.791690069,89.90313777,0.01,64,256,256,15,64,,
2,fedgsl,gnn_fedgsl_gcn,1,cora,5,256,0,2,0.01,0,0.810182509,75.61388334,0.01,64,256,256,15,64,,
3,fedgsl,gnn_fedgsl_gcn,1,cora,5,256,0,2,0.01,0,0.783611335,79.62507107,0.01,64,256,256,15,64,,
4,fedgsl,gnn_fedgsl_gcn,1,cora,5,256,0,2,0.01,0,0.80042972,78.17996035,0.01,64,256,256,15,64,,
0,fedgsl,gnn_fedgsl_gcn,1,cora,5,256,0,2,0.01,0,0.80398341,78.88913474,0.01,64,256,256,20,64,,
1,fedgsl,gnn_fedgsl_gcn,1,cora,5,256,0,2,0.01,0,0.791923969,89.18011587,0.01,64,256,256,20,64,,
2,fedgsl,gnn_fedgsl_gcn,1,cora,5,256,0,2,0.01,0,0.808811687,76.45264016,0.01,64,256,256,20,64,,
3,fedgsl,gnn_fedgsl_gcn,1,cora,5,256,0,2,0.01,0,0.78181473,84.32902137,0.01,64,256,256,20,64,,
4,fedgsl,gnn_fedgsl_gcn,1,cora,5,256,0,2,0.01,0,0.80042972,78.23180519,0.01,64,256,256,20,64,,
0,fedgsl,gnn_fedgsl_gcn,1,cora,5,256,0,2,0.01,0,0.817098315,73.65715563,0.01,256,64,256,5,64,,
1,fedgsl,gnn_fedgsl_gcn,1,cora,5,256,0,2,0.01,0,0.78553129,135.7169261,0.01,256,64,256,5,64,,
2,fedgsl,gnn_fedgsl_gcn,1,cora,5,256,0,2,0.01,0,0.805862583,75.11303964,0.01,256,64,256,5,64,,
3,fedgsl,gnn_fedgsl_gcn,1,cora,5,256,0,2,0.01,0,0.822210915,75.4728804,0.01,256,64,256,5,64,,
4,fedgsl,gnn_fedgsl_gcn,1,cora,5,256,0,2,0.01,0,0.807738963,74.00574694,0.01,256,64,256,5,64,,
0,fedgsl,gnn_fedgsl_gcn,1,cora,5,256,0,2,0.01,0,0.800295755,78.98607274,0.01,256,64,256,10,64,,
1,fedgsl,gnn_fedgsl_gcn,1,cora,5,256,0,2,0.01,0,0.785207665,128.2627704,0.01,256,64,256,10,64,,
2,fedgsl,gnn_fedgsl_gcn,1,cora,5,256,0,2,0.01,0,0.810574358,75.06664071,0.01,256,64,256,10,64,,
3,fedgsl,gnn_fedgsl_gcn,1,cora,5,256,0,2,0.01,0,0.821774691,75.86890255,0.01,256,64,256,10,64,,
4,fedgsl,gnn_fedgsl_gcn,1,cora,5,256,0,2,0.01,0,0.807738963,74.20441109,0.01,256,64,256,10,64,,
0,fedgsl,gnn_fedgsl_gcn,1,cora,5,256,0,2,0.01,0,0.80855101,72.49124306,0.01,256,64,256,15,64,,
1,fedgsl,gnn_fedgsl_gcn,1,cora,5,256,0,2,0.01,0,0.777466022,79.74280442,0.01,256,64,256,15,64,,
2,fedgsl,gnn_fedgsl_gcn,1,cora,5,256,0,2,0.01,0,0.810588132,75.12977558,0.01,256,64,256,15,64,,
3,fedgsl,gnn_fedgsl_gcn,1,cora,5,256,0,2,0.01,0,0.826747142,75.71399753,0.01,256,64,256,15,64,,
4,fedgsl,gnn_fedgsl_gcn,1,cora,5,256,0,2,0.01,0,0.805852171,74.85803163,0.01,256,64,256,15,64,,
0,fedgsl,gnn_fedgsl_gcn,1,cora,5,256,0,2,0.01,0,0.809949612,74.44230165,0.01,256,64,256,20,64,,
1,fedgsl,gnn_fedgsl_gcn,1,cora,5,256,0,2,0.01,0,0.779146694,79.59950658,0.01,256,64,256,20,64,,
2,fedgsl,gnn_fedgsl_gcn,1,cora,5,256,0,2,0.01,0,0.810588132,74.68048996,0.01,256,64,256,20,64,,
3,fedgsl,gnn_fedgsl_gcn,1,cora,5,256,0,2,0.01,0,0.828173523,74.62646084,0.01,256,64,256,20,64,,
4,fedgsl,gnn_fedgsl_gcn,1,cora,5,256,0,2,0.01,0,0.809653535,75.00248501,0.01,256,64,256,20,64,,
0,fedgsl,gnn_fedgsl_gcn,1,cora,5,256,0,2,0.01,0,0.78277254,85.39870192,0.01,256,256,256,5,64,,
1,fedgsl,gnn_fedgsl_gcn,1,cora,5,256,0,2,0.01,0,0.799989468,80.03213344,0.01,256,256,256,5,64,,
2,fedgsl,gnn_fedgsl_gcn,1,cora,5,256,0,2,0.01,0,0.802604969,87.89963583,0.01,256,256,256,5,64,,
3,fedgsl,gnn_fedgsl_gcn,1,cora,5,256,0,2,0.01,0,0.803903433,97.86906878,0.01,256,256,256,5,64,,
4,fedgsl,gnn_fedgsl_gcn,1,cora,5,256,0,2,0.01,0,0.785256839,131.5413231,0.01,256,256,256,5,64,,
0,fedgsl,gnn_fedgsl_gcn,1,cora,5,256,0,2,0.01,0,0.78277254,86.26877662,0.01,256,256,256,10,64,,
1,fedgsl,gnn_fedgsl_gcn,1,cora,5,256,0,2,0.01,0,0.801656135,79.57324964,0.01,256,256,256,10,64,,
2,fedgsl,gnn_fedgsl_gcn,1,cora,5,256,0,2,0.01,0,0.814678185,86.09958115,0.01,256,256,256,10,64,,
3,fedgsl,gnn_fedgsl_gcn,1,cora,5,256,0,2,0.01,0,0.799824024,85.43762085,0.01,256,256,256,10,64,,
4,fedgsl,gnn_fedgsl_gcn,1,cora,5,256,0,2,0.01,0,0.782480027,139.7139993,0.01,256,256,256,10,64,,
0,fedgsl,gnn_fedgsl_gcn,1,cora,5,256,0,2,0.01,0,0.795079193,91.29907538,0.01,256,256,256,15,64,,
1,fedgsl,gnn_fedgsl_gcn,1,cora,5,256,0,2,0.01,0,0.801656135,79.64671124,0.01,256,256,256,15,64,,
2,fedgsl,gnn_fedgsl_gcn,1,cora,5,256,0,2,0.01,0,0.814423893,83.72142777,0.01,256,256,256,15,64,,
3,fedgsl,gnn_fedgsl_gcn,1,cora,5,256,0,2,0.01,0,0.822099797,88.42673174,0.01,256,256,256,15,64,,
4,fedgsl,gnn_fedgsl_gcn,1,cora,5,256,0,2,0.01,0,0.783878629,138.4092243,0.01,256,256,256,15,64,,
0,fedgsl,gnn_fedgsl_gcn,1,cora,5,256,0,2,0.01,0,0.788191938,93.31960315,0.01,256,256,256,20,64,,
1,fedgsl,gnn_fedgsl_gcn,1,cora,5,256,0,2,0.01,0,0.799989468,79.87231895,0.01,256,256,256,20,64,,
2,fedgsl,gnn_fedgsl_gcn,1,cora,5,256,0,2,0.01,0,0.817695513,82.23317095,0.01,256,256,256,20,64,,
3,fedgsl,gnn_fedgsl_gcn,1,cora,5,256,0,2,0.01,0,0.817099565,90.33385305,0.01,256,256,256,20,64,,
4,fedgsl,gnn_fedgsl_gcn,1,cora,5,256,0,2,0.01,0,0.790487175,123.1750792,0.01,256,256,256,20,64,,
0,fedgsl,gnn_fedgsl_gcn,1,cora,5,256,0,3,0.01,0,0.799163878,78.59768753,0.01,64,64,64,5,64,,
1,fedgsl,gnn_fedgsl_gcn,1,cora,5,256,0,3,0.01,0,0.803164977,79.71173718,0.01,64,64,64,5,64,,
2,fedgsl,gnn_fedgsl_gcn,1,cora,5,256,0,3,0.01,0,0.781136985,99.8829306,0.01,64,64,64,5,64,,
3,fedgsl,gnn_fedgsl_gcn,1,cora,5,256,0,3,0.01,0,0.786665651,83.81723585,0.01,64,64,64,5,64,,
4,fedgsl,gnn_fedgsl_gcn,1,cora,5,256,0,3,0.01,0,0.802542792,73.2213985,0.01,64,64,64,5,64,,
0,fedgsl,gnn_fedgsl_gcn,1,cora,5,256,0,3,0.01,0,0.797510986,78.72967776,0.01,64,64,64,10,64,,
1,fedgsl,gnn_fedgsl_gcn,1,cora,5,256,0,3,0.01,0,0.80481787,79.82879131,0.01,64,64,64,10,64,,
2,fedgsl,gnn_fedgsl_gcn,1,cora,5,256,0,3,0.01,0,0.781055112,85.60760144,0.01,64,64,64,10,64,,
3,fedgsl,gnn_fedgsl_gcn,1,cora,5,256,0,3,0.01,0,0.786665651,83.67628595,0.01,64,64,64,10,64,,
4,fedgsl,gnn_fedgsl_gcn,1,cora,5,256,0,3,0.01,0,0.800876126,73.30803314,0.01,64,64,64,10,64,,
0,fedgsl,gnn_fedgsl_gcn,1,cora,5,256,0,3,0.01,0,0.797510986,78.56942903,0.01,64,64,64,15,64,,
1,fedgsl,gnn_fedgsl_gcn,1,cora,5,256,0,3,0.01,0,0.803164977,80.09266642,0.01,64,64,64,15,64,,
2,fedgsl,gnn_fedgsl_gcn,1,cora,5,256,0,3,0.01,0,0.78203339,150.4743369,0.01,64,64,64,15,64,,
3,fedgsl,gnn_fedgsl_gcn,1,cora,5,256,0,3,0.01,0,0.786665651,83.64490492,0.01,64,64,64,15,64,,
4,fedgsl,gnn_fedgsl_gcn,1,cora,5,256,0,3,0.01,0,0.800876126,73.2827938,0.01,64,64,64,15,64,,
0,fedgsl,gnn_fedgsl_gcn,1,cora,5,256,0,3,0.01,0,0.797510986,78.59650084,0.01,64,64,64,20,64,,
1,fedgsl,gnn_fedgsl_gcn,1,cora,5,256,0,3,0.01,0,0.801766376,79.9040895,0.01,64,64,64,20,64,,
2,fedgsl,gnn_fedgsl_gcn,1,cora,5,256,0,3,0.01,0,0.781055112,85.66240125,0.01,64,64,64,20,64,,
3,fedgsl,gnn_fedgsl_gcn,1,cora,5,256,0,3,0.01,0,0.786665651,83.82344142,0.01,64,64,64,20,64,,
4,fedgsl,gnn_fedgsl_gcn,1,cora,5,256,0,3,0.01,0,0.800876126,73.44893332,0.01,64,64,64,20,64,,
0,fedgsl,gnn_fedgsl_gcn,1,cora,5,256,0,3,0.01,0,0.804719275,73.23853523,0.01,64,256,64,5,64,,
1,fedgsl,gnn_fedgsl_gcn,1,cora,5,256,0,3,0.01,0,0.79783461,76.72894361,0.01,64,256,64,5,64,,
2,fedgsl,gnn_fedgsl_gcn,1,cora,5,256,0,3,0.01,0,0.787164486,89.7503368,0.01,64,256,64,5,64,,
3,fedgsl,gnn_fedgsl_gcn,1,cora,5,256,0,3,0.01,0,0.795381086,72.6470958,0.01,64,256,64,5,64,,
4,fedgsl,gnn_fedgsl_gcn,1,cora,5,256,0,3,0.01,0,0.802078817,179.9444916,0.01,64,256,64,5,64,,
0,fedgsl,gnn_fedgsl_gcn,1,cora,5,256,0,3,0.01,0,0.803348454,73.56068008,0.01,64,256,64,10,64,,
1,fedgsl,gnn_fedgsl_gcn,1,cora,5,256,0,3,0.01,0,0.801120004,76.70716184,0.01,64,256,64,10,64,,
2,fedgsl,gnn_fedgsl_gcn,1,cora,5,256,0,3,0.01,0,0.783336113,92.83133929,0.01,64,256,64,10,64,,
3,fedgsl,gnn_fedgsl_gcn,1,cora,5,256,0,3,0.01,0,0.795381086,72.96435673,0.01,64,256,64,10,64,,
4,fedgsl,gnn_fedgsl_gcn,1,cora,5,256,0,3,0.01,0,0.798291458,179.9753151,0.01,64,256,64,10,64,,
0,fedgsl,gnn_fedgsl_gcn,1,cora,5,256,0,3,0.01,0,0.802832483,74.05417315,0.01,64,256,64,15,64,,
1,fedgsl,gnn_fedgsl_gcn,1,cora,5,256,0,3,0.01,0,0.801120004,76.74096854,0.01,64,256,64,15,64,,
2,fedgsl,gnn_fedgsl_gcn,1,cora,5,256,0,3,0.01,0,0.784968614,93.53242953,0.01,64,256,64,15,64,,
3,fedgsl,gnn_fedgsl_gcn,1,cora,5,256,0,3,0.01,0,0.793700414,73.09982771,0.01,64,256,64,15,64,,
4,fedgsl,gnn_fedgsl_gcn,1,cora,5,256,0,3,0.01,0,0.793559292,180.0518475,0.01,64,256,64,15,64,,
0,fedgsl,gnn_fedgsl_gcn,1,cora,5,256,0,3,0.01,0,0.80003528,74.5841387,0.01,64,256,64,20,64,,
1,fedgsl,gnn_fedgsl_gcn,1,cora,5,256,0,3,0.01,0,0.804673463,76.88307005,0.01,64,256,64,20,64,,
2,fedgsl,gnn_fedgsl_gcn,1,cora,5,256,0,3,0.01,0,0.78168322,93.83167304,0.01,64,256,64,20,64,,
3,fedgsl,gnn_fedgsl_gcn,1,cora,5,256,0,3,0.01,0,0.793508299,84.67177148,0.01,64,256,64,20,64,,
4,fedgsl,gnn_fedgsl_gcn,1,cora,5,256,0,3,0.01,0,0.79662456,180.0883712,0.01,64,256,64,20,64,,
0,fedgsl,gnn_fedgsl_gcn,1,cora,5,256,0,3,0.01,0,0.80238833,75.32736924,0.01,256,64,64,5,64,,
1,fedgsl,gnn_fedgsl_gcn,1,cora,5,256,0,3,0.01,0,0.80234406,79.70576155,0.01,256,64,64,5,64,,
2,fedgsl,gnn_fedgsl_gcn,1,cora,5,256,0,3,0.01,0,0.793498658,118.1783889,0.01,256,64,64,5,64,,
3,fedgsl,gnn_fedgsl_gcn,1,cora,5,256,0,3,0.01,0,0.788570013,93.80146521,0.01,256,64,64,5,64,,
4,fedgsl,gnn_fedgsl_gcn,1,cora,5,256,0,3,0.01,0,0.80376708,77.20171803,0.01,256,64,64,5,64,,
0,fedgsl,gnn_fedgsl_gcn,1,cora,5,256,0,3,0.01,0,0.802168204,75.63505312,0.01,256,64,64,10,64,,
1,fedgsl,gnn_fedgsl_gcn,1,cora,5,256,0,3,0.01,0,0.80234406,79.77328657,0.01,256,64,64,10,64,,
2,fedgsl,gnn_fedgsl_gcn,1,cora,5,256,0,3,0.01,0,0.793618415,98.69561689,0.01,256,64,64,10,64,,
3,fedgsl,gnn_fedgsl_gcn,1,cora,5,256,0,3,0.01,0,0.788570013,93.73162435,0.01,256,64,64,10,64,,
4,fedgsl,gnn_fedgsl_gcn,1,cora,5,256,0,3,0.01,0,0.805165681,77.07547396,0.01,256,64,64,10,64,,
0,fedgsl,gnn_fedgsl_gcn,1,cora,5,256,0,3,0.01,0,0.802168204,75.10278065,0.01,256,64,64,15,64,,
1,fedgsl,gnn_fedgsl_gcn,1,cora,5,256,0,3,0.01,0,0.800457268,79.5646378,0.01,256,64,64,15,64,,
2,fedgsl,gnn_fedgsl_gcn,1,cora,5,256,0,3,0.01,0,0.795017016,98.66392511,0.01,256,64,64,15,64,,
3,fedgsl,gnn_fedgsl_gcn,1,cora,5,256,0,3,0.01,0,0.788556007,93.4530292,0.01,256,64,64,15,64,,
4,fedgsl,gnn_fedgsl_gcn,1,cora,5,256,0,3,0.01,0,0.80376708,77.04043657,0.01,256,64,64,15,64,,
0,fedgsl,gnn_fedgsl_gcn,1,cora,5,256,0,3,0.01,0,0.804116942,75.020814,0.01,256,64,64,20,64,,
1,fedgsl,gnn_fedgsl_gcn,1,cora,5,256,0,3,0.01,0,0.800457268,79.79816897,0.01,256,64,64,20,64,,
2,fedgsl,gnn_fedgsl_gcn,1,cora,5,256,0,3,0.01,0,0.795017016,97.95686791,0.01,256,64,64,20,64,,
3,fedgsl,gnn_fedgsl_gcn,1,cora,5,256,0,3,0.01,0,0.786903114,93.62170113,0.01,256,64,64,20,64,,
4,fedgsl,gnn_fedgsl_gcn,1,cora,5,256,0,3,0.01,0,0.801880287,77.30927382,0.01,256,64,64,20,64,,
0,fedgsl,gnn_fedgsl_gcn,1,cora,5,256,0,3,0.01,0,0.79052583,77.12916467,0.01,256,256,64,5,64,,
1,fedgsl,gnn_fedgsl_gcn,1,cora,5,256,0,3,0.01,0,0.799397778,74.32419884,0.01,256,256,64,5,64,,
2,fedgsl,gnn_fedgsl_gcn,1,cora,5,256,0,3,0.01,0,0.8266508,69.52088884,0.01,256,256,64,5,64,,
3,fedgsl,gnn_fedgsl_gcn,1,cora,5,256,0,3,0.01,0,0.807917072,72.11192732,0.01,256,256,64,5,64,,
4,fedgsl,gnn_fedgsl_gcn,1,cora,5,256,0,3,0.01,0,0.788304306,80.58017738,0.01,256,256,64,5,64,,
0,fedgsl,gnn_fedgsl_gcn,1,cora,5,256,0,3,0.01,0,0.788872938,77.10061474,0.01,256,256,64,10,64,,
1,fedgsl,gnn_fedgsl_gcn,1,cora,5,256,0,3,0.01,0,0.799397778,74.24621747,0.01,256,256,64,10,64,,
2,fedgsl,gnn_fedgsl_gcn,1,cora,5,256,0,3,0.01,0,0.819811947,69.49953111,0.01,256,256,64,10,64,,
3,fedgsl,gnn_fedgsl_gcn,1,cora,5,256,0,3,0.01,0,0.807917072,72.36106648,0.01,256,256,64,10,64,,
4,fedgsl,gnn_fedgsl_gcn,1,cora,5,256,0,3,0.01,0,0.792834379,86.58821976,0.01,256,256,64,10,64,,
0,fedgsl,gnn_fedgsl_gcn,1,cora,5,256,0,3,0.01,0,0.790051413,77.15751886,0.01,256,256,64,15,64,,
1,fedgsl,gnn_fedgsl_gcn,1,cora,5,256,0,3,0.01,0,0.80079638,73.82437353,0.01,256,256,64,15,64,,
2,fedgsl,gnn_fedgsl_gcn,1,cora,5,256,0,3,0.01,0,0.820032073,69.51939157,0.01,256,256,64,15,64,,
3,fedgsl,gnn_fedgsl_gcn,1,cora,5,256,0,3,0.01,0,0.807917072,73.0451273,0.01,256,256,64,15,64,,
4,fedgsl,gnn_fedgsl_gcn,1,cora,5,256,0,3,0.01,0,0.791181486,87.1632887,0.01,256,256,64,15,64,,
0,fedgsl,gnn_fedgsl_gcn,1,cora,5,256,0,3,0.01,0,0.788652812,77.19223871,0.01,256,256,64,20,64,,
1,fedgsl,gnn_fedgsl_gcn,1,cora,5,256,0,3,0.01,0,0.799397778,73.9348963,0.01,256,256,64,20,64,,
2,fedgsl,gnn_fedgsl_gcn,1,cora,5,256,0,3,0.01,0,0.820032073,69.6908729,0.01,256,256,64,20,64,,
3,fedgsl,gnn_fedgsl_gcn,1,cora,5,256,0,3,0.01,0,0.806518471,73.2566159,0.01,256,256,64,20,64,,
4,fedgsl,gnn_fedgsl_gcn,1,cora,5,256,0,3,0.01,0,0.791181486,87.30273427,0.01,256,256,64,20,64,,
0,fedgsl,gnn_fedgsl_gcn,1,cora,5,256,0,3,0.01,0,0.802511217,78.40937626,0.01,64,64,256,5,64,,
1,fedgsl,gnn_fedgsl_gcn,1,cora,5,256,0,3,0.01,0,0.800057924,81.4029856,0.01,64,64,256,5,64,,
2,fedgsl,gnn_fedgsl_gcn,1,cora,5,256,0,3,0.01,0,0.778962199,85.76478746,0.01,64,64,256,5,64,,
3,fedgsl,gnn_fedgsl_gcn,1,cora,5,256,0,3,0.01,0,0.788552443,82.88315716,0.01,64,64,256,5,64,,
4,fedgsl,gnn_fedgsl_gcn,1,cora,5,256,0,3,0.01,0,0.802322666,72.87859776,0.01,64,64,256,5,64,,
0,fedgsl,gnn_fedgsl_gcn,1,cora,5,256,0,3,0.01,0,0.802511217,78.28171983,0.01,64,64,256,10,64,,
1,fedgsl,gnn_fedgsl_gcn,1,cora,5,256,0,3,0.01,0,0.800057924,81.07534423,0.01,64,64,256,10,64,,
2,fedgsl,gnn_fedgsl_gcn,1,cora,5,256,0,3,0.01,0,0.780848992,85.34890238,0.01,64,64,256,10,64,,
3,fedgsl,gnn_fedgsl_gcn,1,cora,5,256,0,3,0.01,0,0.788552443,82.77769173,0.01,64,64,256,10,64,,
4,fedgsl,gnn_fedgsl_gcn,1,cora,5,256,0,3,0.01,0,0.802322666,73.13043376,0.01,64,64,256,10,64,,
0,fedgsl,gnn_fedgsl_gcn,1,cora,5,256,0,3,0.01,0,0.800844551,78.35937803,0.01,64,64,256,15,64,,
1,fedgsl,gnn_fedgsl_gcn,1,cora,5,256,0,3,0.01,0,0.800057924,81.22694418,0.01,64,64,256,15,64,,
2,fedgsl,gnn_fedgsl_gcn,1,cora,5,256,0,3,0.01,0,0.780848992,85.31197922,0.01,64,64,256,15,64,,
3,fedgsl,gnn_fedgsl_gcn,1,cora,5,256,0,3,0.01,0,0.787153842,82.67491925,0.01,64,64,256,15,64,,
4,fedgsl,gnn_fedgsl_gcn,1,cora,5,256,0,3,0.01,0,0.802322666,73.07506008,0.01,64,64,256,15,64,,
0,fedgsl,gnn_fedgsl_gcn,1,cora,5,256,0,3,0.01,0,0.802511217,78.40698032,0.01,64,64,256,20,64,,
1,fedgsl,gnn_fedgsl_gcn,1,cora,5,256,0,3,0.01,0,0.800057924,81.09128454,0.01,64,64,256,20,64,,
2,fedgsl,gnn_fedgsl_gcn,1,cora,5,256,0,3,0.01,0,0.780848992,85.34809158,0.01,64,64,256,20,64,,
3,fedgsl,gnn_fedgsl_gcn,1,cora,5,256,0,3,0.01,0,0.787153842,82.55183067,0.01,64,64,256,20,64,,
4,fedgsl,gnn_fedgsl_gcn,1,cora,5,256,0,3,0.01,0,0.802322666,72.99466293,0.01,64,64,256,20,64,,
0,fedgsl,gnn_fedgsl_gcn,1,cora,5,256,0,3,0.01,0,0.80117959,75.17385358,0.01,64,256,256,5,64,,
1,fedgsl,gnn_fedgsl_gcn,1,cora,5,256,0,3,0.01,0,0.804893589,85.31812735,0.01,64,256,256,5,64,,
2,fedgsl,gnn_fedgsl_gcn,1,cora,5,256,0,3,0.01,0,0.794539701,83.72971325,0.01,64,256,256,5,64,,
3,fedgsl,gnn_fedgsl_gcn,1,cora,5,256,0,3,0.01,0,0.800587206,71.79274812,0.01,64,256,256,5,64,,
4,fedgsl,gnn_fedgsl_gcn,1,cora,5,256,0,3,0.01,0,0.818007723,177.6413196,0.01,64,256,256,5,64,,
0,fedgsl,gnn_fedgsl_gcn,1,cora,5,256,0,3,0.01,0,0.801667781,76.23428544,0.01,64,256,256,10,64,,
1,fedgsl,gnn_fedgsl_gcn,1,cora,5,256,0,3,0.01,0,0.802034441,93.42597799,0.01,64,256,256,10,64,,
2,fedgsl,gnn_fedgsl_gcn,1,cora,5,256,0,3,0.01,0,0.792886808,84.02346797,0.01,64,256,256,10,64,,
3,fedgsl,gnn_fedgsl_gcn,1,cora,5,256,0,3,0.01,0,0.795649151,72.79636955,0.01,64,256,256,10,64,,
4,fedgsl,gnn_fedgsl_gcn,1,cora,5,256,0,3,0.01,0,0.815852865,178.2283391,0.01,64,256,256,10,64,,
0,fedgsl,gnn_fedgsl_gcn,1,cora,5,256,0,3,0.01,0,0.790825239,77.63278296,0.01,64,256,256,15,64,,
1,fedgsl,gnn_fedgsl_gcn,1,cora,5,256,0,3,0.01,0,0.802050806,75.29328777,0.01,64,256,256,15,64,,
2,fedgsl,gnn_fedgsl_gcn,1,cora,5,256,0,3,0.01,0,0.791440036,83.97199309,0.01,64,256,256,15,64,,
3,fedgsl,gnn_fedgsl_gcn,1,cora,5,256,0,3,0.01,0,0.791123105,74.12635882,0.01,64,256,256,15,64,,
4,fedgsl,gnn_fedgsl_gcn,1,cora,5,256,0,3,0.01,0,0.801119773,72.41351013,0.01,64,256,256,15,64,,
0,fedgsl,gnn_fedgsl_gcn,1,cora,5,256,0,3,0.01,0,0.786958134,81.82436696,0.01,64,256,256,20,64,,
1,fedgsl,gnn_fedgsl_gcn,1,cora,5,256,0,3,0.01,0,0.804143719,75.59446561,0.01,64,256,256,20,64,,
2,fedgsl,gnn_fedgsl_gcn,1,cora,5,256,0,3,0.01,0,0.791440036,84.22296832,0.01,64,256,256,20,64,,
3,fedgsl,gnn_fedgsl_gcn,1,cora,5,256,0,3,0.01,0,0.787775766,74.60211855,0.01,64,256,256,20,64,,
4,fedgsl,gnn_fedgsl_gcn,1,cora,5,256,0,3,0.01,0,0.800948513,178.1298739,0.01,64,256,256,20,64,,
0,fedgsl,gnn_fedgsl_gcn,1,cora,5,256,0,3,0.01,0,0.810348078,72.01303178,0.01,256,64,256,5,64,,
1,fedgsl,gnn_fedgsl_gcn,1,cora,5,256,0,3,0.01,0,0.805409329,78.97673942,0.01,256,64,256,5,64,,
2,fedgsl,gnn_fedgsl_gcn,1,cora,5,256,0,3,0.01,0,0.802838869,95.04759792,0.01,256,64,256,5,64,,
3,fedgsl,gnn_fedgsl_gcn,1,cora,5,256,0,3,0.01,0,0.787150017,125.1015695,0.01,256,64,256,5,64,,
4,fedgsl,gnn_fedgsl_gcn,1,cora,5,256,0,3,0.01,0,0.807578423,72.25632122,0.01,256,64,256,5,64,,
0,fedgsl,gnn_fedgsl_gcn,1,cora,5,256,0,3,0.01,0,0.805629917,72.37188771,0.01,256,64,256,10,64,,
1,fedgsl,gnn_fedgsl_gcn,1,cora,5,256,0,3,0.01,0,0.801635744,79.23657596,0.01,256,64,256,10,64,,
2,fedgsl,gnn_fedgsl_gcn,1,cora,5,256,0,3,0.01,0,0.801392096,95.09046381,0.01,256,64,256,10,64,,
3,fedgsl,gnn_fedgsl_gcn,1,cora,5,256,0,3,0.01,0,0.786749192,95.43615841,0.01,256,64,256,10,64,,
4,fedgsl,gnn_fedgsl_gcn,1,cora,5,256,0,3,0.01,0,0.807578423,72.41972425,0.01,256,64,256,10,64,,
0,fedgsl,gnn_fedgsl_gcn,1,cora,5,256,0,3,0.01,0,0.805897983,72.35662935,0.01,256,64,256,15,64,,
1,fedgsl,gnn_fedgsl_gcn,1,cora,5,256,0,3,0.01,0,0.803522536,79.38992885,0.01,256,64,256,15,64,,
2,fedgsl,gnn_fedgsl_gcn,1,cora,5,256,0,3,0.01,0,0.801158196,94.98632119,0.01,256,64,256,15,64,,
3,fedgsl,gnn_fedgsl_gcn,1,cora,5,256,0,3,0.01,0,0.784862399,95.50402619,0.01,256,64,256,15,64,,
4,fedgsl,gnn_fedgsl_gcn,1,cora,5,256,0,3,0.01,0,0.808066614,72.46334275,0.01,256,64,256,15,64,,
0,fedgsl,gnn_fedgsl_gcn,1,cora,5,256,0,3,0.01,0,0.805897983,72.34613247,0.01,256,64,256,20,64,,
1,fedgsl,gnn_fedgsl_gcn,1,cora,5,256,0,3,0.01,0,0.801869643,78.91894542,0.01,256,64,256,20,64,,
2,fedgsl,gnn_fedgsl_gcn,1,cora,5,256,0,3,0.01,0,0.802838869,94.91959662,0.01,256,64,256,20,64,,
3,fedgsl,gnn_fedgsl_gcn,1,cora,5,256,0,3,0.01,0,0.783830458,126.7077807,0.01,256,64,256,20,64,,
4,fedgsl,gnn_fedgsl_gcn,1,cora,5,256,0,3,0.01,0,0.808066614,72.41252719,0.01,256,64,256,20,64,,
0,fedgsl,gnn_fedgsl_gcn,1,cora,5,256,0,3,0.01,0,0.797786902,88.98213346,0.01,256,256,256,5,64,,
1,fedgsl,gnn_fedgsl_gcn,1,cora,5,256,0,3,0.01,0,0.821416669,73.87326159,0.01,256,256,256,5,64,,
2,fedgsl,gnn_fedgsl_gcn,1,cora,5,256,0,3,0.01,0,0.818479318,74.60528899,0.01,256,256,256,5,64,,
3,fedgsl,gnn_fedgsl_gcn,1,cora,5,256,0,3,0.01,0,0.808694954,70.33369119,0.01,256,256,256,5,64,,
4,fedgsl,gnn_fedgsl_gcn,1,cora,5,256,0,3,0.01,0,0.800415483,75.66730497,0.01,256,256,256,5,64,,
0,fedgsl,gnn_fedgsl_gcn,1,cora,5,256,0,3,0.01,0,0.796388301,88.94348142,0.01,256,256,256,10,64,,
1,fedgsl,gnn_fedgsl_gcn,1,cora,5,256,0,3,0.01,0,0.824984134,73.500334,0.01,256,256,256,10,64,,
2,fedgsl,gnn_fedgsl_gcn,1,cora,5,256,0,3,0.01,0,0.821544586,74.54547758,0.01,256,256,256,10,64,,
3,fedgsl,gnn_fedgsl_gcn,1,cora,5,256,0,3,0.01,0,0.810361621,69.75467501,0.01,256,256,256,10,64,,
4,fedgsl,gnn_fedgsl_gcn,1,cora,5,256,0,3,0.01,0,0.800415483,76.20737622,0.01,256,256,256,10,64,,
0,fedgsl,gnn_fedgsl_gcn,1,cora,5,256,0,3,0.01,0,0.796388301,88.44742804,0.01,256,256,256,15,64,,
1,fedgsl,gnn_fedgsl_gcn,1,cora,5,256,0,3,0.01,0,0.819764008,73.84174217,0.01,256,256,256,15,64,,
2,fedgsl,gnn_fedgsl_gcn,1,cora,5,256,0,3,0.01,0,0.819877919,74.58679774,0.01,256,256,256,15,64,,
3,fedgsl,gnn_fedgsl_gcn,1,cora,5,256,0,3,0.01,0,0.813399109,69.49826493,0.01,256,256,256,15,64,,
4,fedgsl,gnn_fedgsl_gcn,1,cora,5,256,0,3,0.01,0,0.795243296,76.52433311,0.01,256,256,256,15,64,,
0,fedgsl,gnn_fedgsl_gcn,1,cora,5,256,0,3,0.01,0,0.792820836,88.44204583,0.01,256,256,256,20,64,,
1,fedgsl,gnn_fedgsl_gcn,1,cora,5,256,0,3,0.01,0,0.821430675,73.71111467,0.01,256,256,256,20,64,,
2,fedgsl,gnn_fedgsl_gcn,1,cora,5,256,0,3,0.01,0,0.814657562,74.57539701,0.01,256,256,256,20,64,,
3,fedgsl,gnn_fedgsl_gcn,1,cora,5,256,0,3,0.01,0,0.815079781,69.59419506,0.01,256,256,256,20,64,,
4,fedgsl,gnn_fedgsl_gcn,1,cora,5,256,0,3,0.01,0,0.794961226,76.73934801,0.01,256,256,256,20,64,,
0,fedgsl,gnn_fedgsl_gcn,1,cora,5,256,0.5,1,0.01,0,0.778348421,109.3375679,0.01,64,64,64,5,64,,
1,fedgsl,gnn_fedgsl_gcn,1,cora,5,256,0.5,1,0.01,0,0.808907691,90.51871023,0.01,64,64,64,5,64,,
2,fedgsl,gnn_fedgsl_gcn,1,cora,5,256,0.5,1,0.01,0,0.782961833,90.59657322,0.01,64,64,64,5,64,,
3,fedgsl,gnn_fedgsl_gcn,1,cora,5,256,0.5,1,0.01,0,0.796047184,100.5342283,0.01,64,64,64,5,64,,
4,fedgsl,gnn_fedgsl_gcn,1,cora,5,256,0.5,1,0.01,0,0.822767437,73.6786097,0.01,64,64,64,5,64,,
0,fedgsl,gnn_fedgsl_gcn,1,cora,5,256,0.5,1,0.01,0,0.784008798,108.6734843,0.01,64,64,64,10,64,,
1,fedgsl,gnn_fedgsl_gcn,1,cora,5,256,0.5,1,0.01,0,0.807268804,87.68113333,0.01,64,64,64,10,64,,
2,fedgsl,gnn_fedgsl_gcn,1,cora,5,256,0.5,1,0.01,0,0.786703611,88.48597099,0.01,64,64,64,10,64,,
3,fedgsl,gnn_fedgsl_gcn,1,cora,5,256,0.5,1,0.01,0,0.789288308,84.27925085,0.01,64,64,64,10,64,,
4,fedgsl,gnn_fedgsl_gcn,1,cora,5,256,0.5,1,0.01,0,0.828152129,73.76489543,0.01,64,64,64,10,64,,
0,fedgsl,gnn_fedgsl_gcn,1,cora,5,256,0.5,1,0.01,0,0.778836612,109.4271373,0.01,64,64,64,15,64,,
1,fedgsl,gnn_fedgsl_gcn,1,cora,5,256,0.5,1,0.01,0,0.810348078,88.02311287,0.01,64,64,64,15,64,,
2,fedgsl,gnn_fedgsl_gcn,1,cora,5,256,0.5,1,0.01,0,0.782961833,90.6061157,0.01,64,64,64,15,64,,
3,fedgsl,gnn_fedgsl_gcn,1,cora,5,256,0.5,1,0.01,0,0.796824063,117.7354079,0.01,64,64,64,15,64,,
4,fedgsl,gnn_fedgsl_gcn,1,cora,5,256,0.5,1,0.01,0,0.823447743,74.15744877,0.01,64,64,64,15,64,,
0,fedgsl,gnn_fedgsl_gcn,1,cora,5,256,0.5,1,0.01,0,0.780469113,108.88872,0.01,64,64,64,20,64,,
1,fedgsl,gnn_fedgsl_gcn,1,cora,5,256,0.5,1,0.01,0,0.805382012,89.56095357,0.01,64,64,64,20,64,,
2,fedgsl,gnn_fedgsl_gcn,1,cora,5,256,0.5,1,0.01,0,0.782961833,90.87566863,0.01,64,64,64,20,64,,
3,fedgsl,gnn_fedgsl_gcn,1,cora,5,256,0.5,1,0.01,0,0.794909491,117.3384909,0.01,64,64,64,20,64,,
4,fedgsl,gnn_fedgsl_gcn,1,cora,5,256,0.5,1,0.01,0,0.811824757,68.51885726,0.01,64,64,64,20,64,,
0,fedgsl,gnn_fedgsl_gcn,1,cora,5,256,0.5,1,0.01,0,0.796143959,87.97879713,0.01,64,256,64,5,64,,
1,fedgsl,gnn_fedgsl_gcn,1,cora,5,256,0.5,1,0.01,0,0.801629821,95.28299844,0.01,64,256,64,5,64,,
2,fedgsl,gnn_fedgsl_gcn,1,cora,5,256,0.5,1,0.01,0,0.810037996,90.90417525,0.01,64,256,64,5,64,,
3,fedgsl,gnn_fedgsl_gcn,1,cora,5,256,0.5,1,0.01,0,0.807442887,74.20055245,0.01,64,256,64,5,64,,
4,fedgsl,gnn_fedgsl_gcn,1,cora,5,256,0.5,1,0.01,0,0.813807554,69.67270738,0.01,64,256,64,5,64,,
0,fedgsl,gnn_fedgsl_gcn,1,cora,5,256,0.5,1,0.01,0,0.795917448,81.26734232,0.01,64,256,64,10,64,,
1,fedgsl,gnn_fedgsl_gcn,1,cora,5,256,0.5,1,0.01,0,0.797199885,103.8666788,0.01,64,256,64,10,64,,
2,fedgsl,gnn_fedgsl_gcn,1,cora,5,256,0.5,1,0.01,0,0.810526187,91.18780068,0.01,64,256,64,10,64,,
3,fedgsl,gnn_fedgsl_gcn,1,cora,5,256,0.5,1,0.01,0,0.806044517,74.11857188,0.01,64,256,64,10,64,,
4,fedgsl,gnn_fedgsl_gcn,1,cora,5,256,0.5,1,0.01,0,0.81625423,62.1616479,0.01,64,256,64,10,64,,
0,fedgsl,gnn_fedgsl_gcn,1,cora,5,256,0.5,1,0.01,0,0.793744558,85.26758927,0.01,64,256,64,15,64,,
1,fedgsl,gnn_fedgsl_gcn,1,cora,5,256,0.5,1,0.01,0,0.797213659,103.5893931,0.01,64,256,64,15,64,,
2,fedgsl,gnn_fedgsl_gcn,1,cora,5,256,0.5,1,0.01,0,0.811656723,89.14358046,0.01,64,256,64,15,64,,
3,fedgsl,gnn_fedgsl_gcn,1,cora,5,256,0.5,1,0.01,0,0.814089625,74.29114627,0.01,64,256,64,15,64,,
4,fedgsl,gnn_fedgsl_gcn,1,cora,5,256,0.5,1,0.01,0,0.819763776,66.58965118,0.01,64,256,64,15,64,,
0,fedgsl,gnn_fedgsl_gcn,1,cora,5,256,0.5,1,0.01,0,0.799861551,85.06105844,0.01,64,256,64,20,64,,
1,fedgsl,gnn_fedgsl_gcn,1,cora,5,256,0.5,1,0.01,0,0.796035184,107.0394079,0.01,64,256,64,20,64,,
2,fedgsl,gnn_fedgsl_gcn,1,cora,5,256,0.5,1,0.01,0,0.813337395,89.09303576,0.01,64,256,64,20,64,,
3,fedgsl,gnn_fedgsl_gcn,1,cora,5,256,0.5,1,0.01,0,0.807394947,74.36751897,0.01,64,256,64,20,64,,
4,fedgsl,gnn_fedgsl_gcn,1,cora,5,256,0.5,1,0.01,0,0.819763776,67.11436493,0.01,64,256,64,20,64,,
0,fedgsl,gnn_fedgsl_gcn,1,cora,5,256,0.5,1,0.01,0,0.802842462,70.47557436,0.01,256,64,64,5,64,,
1,fedgsl,gnn_fedgsl_gcn,1,cora,5,256,0.5,1,0.01,0,0.820564409,62.7072647,0.01,256,64,64,5,64,,
2,fedgsl,gnn_fedgsl_gcn,1,cora,5,256,0.5,1,0.01,0,0.810361621,77.54611315,0.01,256,64,64,5,64,,
3,fedgsl,gnn_fedgsl_gcn,1,cora,5,256,0.5,1,0.01,0,0.809969771,67.75298716,0.01,256,64,64,5,64,,
4,fedgsl,gnn_fedgsl_gcn,1,cora,5,256,0.5,1,0.01,0,0.813200609,82.93775733,0.01,256,64,64,5,64,,
0,fedgsl,gnn_fedgsl_gcn,1,cora,5,256,0.5,1,0.01,0,0.805893956,70.34738904,0.01,256,64,64,10,64,,
1,fedgsl,gnn_fedgsl_gcn,1,cora,5,256,0.5,1,0.01,0,0.814419867,62.67315007,0.01,256,64,64,10,64,,
2,fedgsl,gnn_fedgsl_gcn,1,cora,5,256,0.5,1,0.01,0,0.808461054,77.36156808,0.01,256,64,64,10,64,,
3,fedgsl,gnn_fedgsl_gcn,1,cora,5,256,0.5,1,0.01,0,0.797786671,102.5302571,0.01,256,64,64,10,64,,
4,fedgsl,gnn_fedgsl_gcn,1,cora,5,256,0.5,1,0.01,0,0.811788233,91.12347322,0.01,256,64,64,10,64,,
0,fedgsl,gnn_fedgsl_gcn,1,cora,5,256,0.5,1,0.01,0,0.80608607,69.87089531,0.01,256,64,64,15,64,,
1,fedgsl,gnn_fedgsl_gcn,1,cora,5,256,0.5,1,0.01,0,0.817485135,62.86456516,0.01,256,64,64,15,64,,
2,fedgsl,gnn_fedgsl_gcn,1,cora,5,256,0.5,1,0.01,0,0.807028056,75.98475965,0.01,256,64,64,15,64,,
3,fedgsl,gnn_fedgsl_gcn,1,cora,5,256,0.5,1,0.01,0,0.810189666,66.63181307,0.01,256,64,64,15,64,,
4,fedgsl,gnn_fedgsl_gcn,1,cora,5,256,0.5,1,0.01,0,0.811300042,90.44234685,0.01,256,64,64,15,64,,
0,fedgsl,gnn_fedgsl_gcn,1,cora,5,256,0.5,1,0.01,0,0.798979152,70.32281983,0.01,256,64,64,20,64,,
1,fedgsl,gnn_fedgsl_gcn,1,cora,5,256,0.5,1,0.01,0,0.815564177,62.8455139,0.01,256,64,64,20,64,,
2,fedgsl,gnn_fedgsl_gcn,1,cora,5,256,0.5,1,0.01,0,0.805127489,76.92126389,0.01,256,64,64,20,64,,
3,fedgsl,gnn_fedgsl_gcn,1,cora,5,256,0.5,1,0.01,0,0.809969771,67.62777961,0.01,256,64,64,20,64,,
4,fedgsl,gnn_fedgsl_gcn,1,cora,5,256,0.5,1,0.01,0,0.81265709,91.02531377,0.01,256,64,64,20,64,,
0,fedgsl,gnn_fedgsl_gcn,1,cora,5,256,0.5,1,0.01,0,0.8101555,80.3579975,0.01,256,256,64,5,64,,
1,fedgsl,gnn_fedgsl_gcn,1,cora,5,256,0.5,1,0.01,0,0.808935239,92.59478719,0.01,256,256,64,5,64,,
2,fedgsl,gnn_fedgsl_gcn,1,cora,5,256,0.5,1,0.01,0,0.808289099,77.73330493,0.01,256,256,64,5,64,,
3,fedgsl,gnn_fedgsl_gcn,1,cora,5,256,0.5,1,0.01,0,0.806305965,72.75290998,0.01,256,256,64,5,64,,
4,fedgsl,gnn_fedgsl_gcn,1,cora,5,256,0.5,1,0.01,0,0.803958992,81.68954769,0.01,256,256,64,5,64,,
0,fedgsl,gnn_fedgsl_gcn,1,cora,5,256,0.5,1,0.01,0,0.816520168,77.33282989,0.01,256,256,64,10,64,,
1,fedgsl,gnn_fedgsl_gcn,1,cora,5,256,0.5,1,0.01,0,0.818643219,70.65548265,0.01,256,256,64,10,64,,
2,fedgsl,gnn_fedgsl_gcn,1,cora,5,256,0.5,1,0.01,0,0.814529877,91.67807648,0.01,256,256,64,10,64,,
3,fedgsl,gnn_fedgsl_gcn,1,cora,5,256,0.5,1,0.01,0,0.814804096,69.29929597,0.01,256,256,64,10,64,,
4,fedgsl,gnn_fedgsl_gcn,1,cora,5,256,0.5,1,0.01,0,0.80426525,98.05187274,0.01,256,256,64,10,64,,
0,fedgsl,gnn_fedgsl_gcn,1,cora,5,256,0.5,1,0.01,0,0.817008359,77.23859557,0.01,256,256,64,15,64,,
1,fedgsl,gnn_fedgsl_gcn,1,cora,5,256,0.5,1,0.01,0,0.827791084,67.55528558,0.01,256,256,64,15,64,,
2,fedgsl,gnn_fedgsl_gcn,1,cora,5,256,0.5,1,0.01,0,0.821183001,77.85237713,0.01,256,256,64,15,64,,
3,fedgsl,gnn_fedgsl_gcn,1,cora,5,256,0.5,1,0.01,0,0.817228485,102.1796742,0.01,256,256,64,15,64,,
4,fedgsl,gnn_fedgsl_gcn,1,cora,5,256,0.5,1,0.01,0,0.805959696,99.6091138,0.01,256,256,64,15,64,,
0,fedgsl,gnn_fedgsl_gcn,1,cora,5,256,0.5,1,0.01,0,0.820059853,76.65407014,0.01,256,256,64,20,64,,
1,fedgsl,gnn_fedgsl_gcn,1,cora,5,256,0.5,1,0.01,0,0.81975975,68.52200587,0.01,256,256,64,20,64,,
2,fedgsl,gnn_fedgsl_gcn,1,cora,5,256,0.5,1,0.01,0,0.812705029,81.74335606,0.01,256,256,64,20,64,,
3,fedgsl,gnn_fedgsl_gcn,1,cora,5,256,0.5,1,0.01,0,0.816478383,71.06411411,0.01,256,256,64,20,64,,
4,fedgsl,gnn_fedgsl_gcn,1,cora,5,256,0.5,1,0.01,0,0.801891501,71.95268334,0.01,256,256,64,20,64,,
0,fedgsl,gnn_fedgsl_gcn,1,cora,5,256,0.5,1,0.01,0,0.797006662,92.36609554,0.01,64,64,256,5,64,,
1,fedgsl,gnn_fedgsl_gcn,1,cora,5,256,0.5,1,0.01,0,0.81228281,77.24825947,0.01,64,64,256,5,64,,
2,fedgsl,gnn_fedgsl_gcn,1,cora,5,256,0.5,1,0.01,0,0.791593727,93.31445616,0.01,64,64,256,5,64,,
3,fedgsl,gnn_fedgsl_gcn,1,cora,5,256,0.5,1,0.01,0,0.802127759,113.2243052,0.01,64,64,256,5,64,,
4,fedgsl,gnn_fedgsl_gcn,1,cora,5,256,0.5,1,0.01,0,0.818008494,76.25905328,0.01,64,64,256,5,64,,
0,fedgsl,gnn_fedgsl_gcn,1,cora,5,256,0.5,1,0.01,0,0.811787462,80.16246194,0.01,64,64,256,10,64,,
1,fedgsl,gnn_fedgsl_gcn,1,cora,5,256,0.5,1,0.01,0,0.819190225,73.57526625,0.01,64,64,256,10,64,,
2,fedgsl,gnn_fedgsl_gcn,1,cora,5,256,0.5,1,0.01,0,0.79025707,132.1368194,0.01,64,64,256,10,64,,
3,fedgsl,gnn_fedgsl_gcn,1,cora,5,256,0.5,1,0.01,0,0.805921504,113.2357303,0.01,64,64,256,10,64,,
4,fedgsl,gnn_fedgsl_gcn,1,cora,5,256,0.5,1,0.01,0,0.795181583,94.46773422,0.01,64,64,256,10,64,,
0,fedgsl,gnn_fedgsl_gcn,1,cora,5,256,0.5,1,0.01,0,0.812165305,85.91827334,0.01,64,64,256,15,64,,
1,fedgsl,gnn_fedgsl_gcn,1,cora,5,256,0.5,1,0.01,0,0.822241719,73.34365387,0.01,64,64,256,15,64,,
2,fedgsl,gnn_fedgsl_gcn,1,cora,5,256,0.5,1,0.01,0,0.803454437,73.82863083,0.01,64,64,256,15,64,,
3,fedgsl,gnn_fedgsl_gcn,1,cora,5,256,0.5,1,0.01,0,0.810873796,85.18175535,0.01,64,64,256,15,64,,
4,fedgsl,gnn_fedgsl_gcn,1,cora,5,256,0.5,1,0.01,0,0.802006893,89.14710494,0.01,64,64,256,15,64,,
0,fedgsl,gnn_fedgsl_gcn,1,cora,5,256,0.5,1,0.01,0,0.810588363,77.70204688,0.01,64,64,256,20,64,,
1,fedgsl,gnn_fedgsl_gcn,1,cora,5,256,0.5,1,0.01,0,0.815636766,73.66104093,0.01,64,64,256,20,64,,
2,fedgsl,gnn_fedgsl_gcn,1,cora,5,256,0.5,1,0.01,0,0.786971677,130.9255819,0.01,64,64,256,20,64,,
3,fedgsl,gnn_fedgsl_gcn,1,cora,5,256,0.5,1,0.01,0,0.826183001,62.81684937,0.01,64,64,256,20,64,,
4,fedgsl,gnn_fedgsl_gcn,1,cora,5,256,0.5,1,0.01,0,0.803419269,88.43517934,0.01,64,64,256,20,64,,
0,fedgsl,gnn_fedgsl_gcn,1,cora,5,256,0.5,1,0.01,0,0.799892895,93.85382576,0.01,64,256,256,5,64,,
1,fedgsl,gnn_fedgsl_gcn,1,cora,5,256,0.5,1,0.01,0,0.805804231,82.00125049,0.01,64,256,256,5,64,,
2,fedgsl,gnn_fedgsl_gcn,1,cora,5,256,0.5,1,0.01,0,0.806642486,85.83821347,0.01,64,256,256,5,64,,
3,fedgsl,gnn_fedgsl_gcn,1,cora,5,256,0.5,1,0.01,0,0.815886693,72.0944,0.01,64,256,256,5,64,,
4,fedgsl,gnn_fedgsl_gcn,1,cora,5,256,0.5,1,0.01,0,0.813000643,73.40049161,0.01,64,256,256,5,64,,
0,fedgsl,gnn_fedgsl_gcn,1,cora,5,256,0.5,1,0.01,0,0.804109322,87.25656676,0.01,64,256,256,10,64,,
1,fedgsl,gnn_fedgsl_gcn,1,cora,5,256,0.5,1,0.01,0,0.806086302,82.56205647,0.01,64,256,256,10,64,,
2,fedgsl,gnn_fedgsl_gcn,1,cora,5,256,0.5,1,0.01,0,0.803102801,89.25811021,0.01,64,256,256,10,64,,
3,fedgsl,gnn_fedgsl_gcn,1,cora,5,256,0.5,1,0.01,0,0.812807419,71.33589911,0.01,64,256,256,10,64,,
4,fedgsl,gnn_fedgsl_gcn,1,cora,5,256,0.5,1,0.01,0,0.820722358,66.0409914,0.01,64,256,256,10,64,,
0,fedgsl,gnn_fedgsl_gcn,1,cora,5,256,0.5,1,0.01,0,0.80063584,83.02371503,0.01,64,256,256,15,64,,
1,fedgsl,gnn_fedgsl_gcn,1,cora,5,256,0.5,1,0.01,0,0.802780517,89.67566013,0.01,64,256,256,15,64,,
2,fedgsl,gnn_fedgsl_gcn,1,cora,5,256,0.5,1,0.01,0,0.79072487,104.7340309,0.01,64,256,256,15,64,,
3,fedgsl,gnn_fedgsl_gcn,1,cora,5,256,0.5,1,0.01,0,0.812553128,72.66030914,0.01,64,256,256,15,64,,
4,fedgsl,gnn_fedgsl_gcn,1,cora,5,256,0.5,1,0.01,0,0.813567269,66.36814184,0.01,64,256,256,15,64,,
0,fedgsl,gnn_fedgsl_gcn,1,cora,5,256,0.5,1,0.01,0,0.802497983,82.55833222,0.01,64,256,256,20,64,,
1,fedgsl,gnn_fedgsl_gcn,1,cora,5,256,0.5,1,0.01,0,0.807973094,89.49575663,0.01,64,256,256,20,64,,
2,fedgsl,gnn_fedgsl_gcn,1,cora,5,256,0.5,1,0.01,0,0.801027689,98.67818637,0.01,64,256,256,20,64,,
3,fedgsl,gnn_fedgsl_gcn,1,cora,5,256,0.5,1,0.01,0,0.812656858,75.16549867,0.01,64,256,256,20,64,,
4,fedgsl,gnn_fedgsl_gcn,1,cora,5,256,0.5,1,0.01,0,0.815516006,66.3508637,0.01,64,256,256,20,64,,
0,fedgsl,gnn_fedgsl_gcn,1,cora,5,256,0.5,1,0.01,0,0.806588267,76.60410616,0.01,256,64,256,5,64,,
1,fedgsl,gnn_fedgsl_gcn,1,cora,5,256,0.5,1,0.01,0,0.803508993,92.93175004,0.01,256,64,256,5,64,,
2,fedgsl,gnn_fedgsl_gcn,1,cora,5,256,0.5,1,0.01,0,0.817441222,87.21202683,0.01,256,64,256,5,64,,
3,fedgsl,gnn_fedgsl_gcn,1,cora,5,256,0.5,1,0.01,0,0.789562991,131.113246,0.01,256,64,256,5,64,,
4,fedgsl,gnn_fedgsl_gcn,1,cora,5,256,0.5,1,0.01,0,0.808056202,69.1040428,0.01,256,64,256,5,64,,
0,fedgsl,gnn_fedgsl_gcn,1,cora,5,256,0.5,1,0.01,0,0.800673599,89.8609755,0.01,256,64,256,10,64,,
1,fedgsl,gnn_fedgsl_gcn,1,cora,5,256,0.5,1,0.01,0,0.806350109,62.56006413,0.01,256,64,256,10,64,,
2,fedgsl,gnn_fedgsl_gcn,1,cora,5,256,0.5,1,0.01,0,0.813887763,88.49236078,0.01,256,64,256,10,64,,
3,fedgsl,gnn_fedgsl_gcn,1,cora,5,256,0.5,1,0.01,0,0.7888409,76.16259938,0.01,256,64,256,10,64,,
4,fedgsl,gnn_fedgsl_gcn,1,cora,5,256,0.5,1,0.01,0,0.811235844,77.56165714,0.01,256,64,256,10,64,,
0,fedgsl,gnn_fedgsl_gcn,1,cora,5,256,0.5,1,0.01,0,0.809639761,76.60043029,0.01,256,64,256,15,64,,
1,fedgsl,gnn_fedgsl_gcn,1,cora,5,256,0.5,1,0.01,0,0.807576756,64.39447188,0.01,256,64,256,15,64,,
2,fedgsl,gnn_fedgsl_gcn,1,cora,5,256,0.5,1,0.01,0,0.812276424,89.28793846,0.01,256,64,256,15,64,,
3,fedgsl,gnn_fedgsl_gcn,1,cora,5,256,0.5,1,0.01,0,0.79292813,108.3620811,0.01,256,64,256,15,64,,
4,fedgsl,gnn_fedgsl_gcn,1,cora,5,256,0.5,1,0.01,0,0.808296719,75.52294372,0.01,256,64,256,15,64,,
0,fedgsl,gnn_fedgsl_gcn,1,cora,5,256,0.5,1,0.01,0,0.80819322,71.8368166,0.01,256,64,256,20,64,,
1,fedgsl,gnn_fedgsl_gcn,1,cora,5,256,0.5,1,0.01,0,0.811322561,63.67479788,0.01,256,64,256,20,64,,
2,fedgsl,gnn_fedgsl_gcn,1,cora,5,256,0.5,1,0.01,0,0.815990191,62.68438479,0.01,256,64,256,20,64,,
3,fedgsl,gnn_fedgsl_gcn,1,cora,5,256,0.5,1,0.01,0,0.792673839,108.7378863,0.01,256,64,256,20,64,,
4,fedgsl,gnn_fedgsl_gcn,1,cora,5,256,0.5,1,0.01,0,0.804893589,70.1766641,0.01,256,64,256,20,64,,
0,fedgsl,gnn_fedgsl_gcn,1,cora,5,256,0.5,1,0.01,0,0.812615411,72.90809451,0.01,256,256,256,5,64,,
1,fedgsl,gnn_fedgsl_gcn,1,cora,5,256,0.5,1,0.01,0,0.819433872,66.46858448,0.01,256,256,256,5,64,,
2,fedgsl,gnn_fedgsl_gcn,1,cora,5,256,0.5,1,0.01,0,0.820715201,84.82951443,0.01,256,256,256,5,64,,
3,fedgsl,gnn_fedgsl_gcn,1,cora,5,256,0.5,1,0.01,0,0.814705964,95.25976057,0.01,256,256,256,5,64,,
4,fedgsl,gnn_fedgsl_gcn,1,cora,5,256,0.5,1,0.01,0,0.808242162,84.31257428,0.01,256,256,256,5,64,,
0,fedgsl,gnn_fedgsl_gcn,1,cora,5,256,0.5,1,0.01,0,0.825534501,67.81222788,0.01,256,256,256,10,64,,
1,fedgsl,gnn_fedgsl_gcn,1,cora,5,256,0.5,1,0.01,0,0.81532053,85.29782661,0.01,256,256,256,10,64,,
2,fedgsl,gnn_fedgsl_gcn,1,cora,5,256,0.5,1,0.01,0,0.815516006,83.06695843,0.01,256,256,256,10,64,,
3,fedgsl,gnn_fedgsl_gcn,1,cora,5,256,0.5,1,0.01,0,0.808575428,95.61574395,0.01,256,256,256,10,64,,
4,fedgsl,gnn_fedgsl_gcn,1,cora,5,256,0.5,1,0.01,0,0.806788002,81.76533923,0.01,256,256,256,10,64,,
0,fedgsl,gnn_fedgsl_gcn,1,cora,5,256,0.5,1,0.01,0,0.834088423,67.87762225,0.01,256,256,256,15,64,0.818410055,0.011048273
1,fedgsl,gnn_fedgsl_gcn,1,cora,5,256,0.5,1,0.01,0,0.825479945,69.40315796,0.01,256,256,256,15,64,,
2,fedgsl,gnn_fedgsl_gcn,1,cora,5,256,0.5,1,0.01,0,0.811602273,87.32144582,0.01,256,256,256,15,64,,
3,fedgsl,gnn_fedgsl_gcn,1,cora,5,256,0.5,1,0.01,0,0.813527489,95.63777707,0.01,256,256,256,15,64,,
4,fedgsl,gnn_fedgsl_gcn,1,cora,5,256,0.5,1,0.01,0,0.807352143,75.86161736,0.01,256,256,256,15,64,,
0,fedgsl,gnn_fedgsl_gcn,1,cora,5,256,0.5,1,0.01,0,0.828854061,67.79026293,0.01,256,256,256,20,64,,
1,fedgsl,gnn_fedgsl_gcn,1,cora,5,256,0.5,1,0.01,0,0.817640725,70.87690866,0.01,256,256,256,20,64,,
2,fedgsl,gnn_fedgsl_gcn,1,cora,5,256,0.5,1,0.01,0,0.812216607,84.2136264,0.01,256,256,256,20,64,,
3,fedgsl,gnn_fedgsl_gcn,1,cora,5,256,0.5,1,0.01,0,0.808279352,94.5861863,0.01,256,256,256,20,64,,
4,fedgsl,gnn_fedgsl_gcn,1,cora,5,256,0.5,1,0.01,0,0.808516845,76.06170394,0.01,256,256,256,20,64,,
0,fedgsl,gnn_fedgsl_gcn,1,cora,5,256,0.5,2,0.01,0,0.787868544,90.19109555,0.01,64,64,64,5,64,,
1,fedgsl,gnn_fedgsl_gcn,1,cora,5,256,0.5,2,0.01,0,0.797462815,98.28539668,0.01,64,64,64,5,64,,
2,fedgsl,gnn_fedgsl_gcn,1,cora,5,256,0.5,2,0.01,0,0.806870106,75.37240622,0.01,64,64,64,5,64,,
3,fedgsl,gnn_fedgsl_gcn,1,cora,5,256,0.5,2,0.01,0,0.796607964,80.50322319,0.01,64,64,64,5,64,,
4,fedgsl,gnn_fedgsl_gcn,1,cora,5,256,0.5,2,0.01,0,0.810574358,80.13608823,0.01,64,64,64,5,64,,
0,fedgsl,gnn_fedgsl_gcn,1,cora,5,256,0.5,2,0.01,0,0.789755337,89.73301883,0.01,64,64,64,10,64,,
1,fedgsl,gnn_fedgsl_gcn,1,cora,5,256,0.5,2,0.01,0,0.797462815,97.50909798,0.01,64,64,64,10,64,,
2,fedgsl,gnn_fedgsl_gcn,1,cora,5,256,0.5,2,0.01,0,0.805471505,75.407691,0.01,64,64,64,10,64,,
3,fedgsl,gnn_fedgsl_gcn,1,cora,5,256,0.5,2,0.01,0,0.798288636,80.68252102,0.01,64,64,64,10,64,,
4,fedgsl,gnn_fedgsl_gcn,1,cora,5,256,0.5,2,0.01,0,0.812241256,79.58475941,0.01,64,64,64,10,64,,
0,fedgsl,gnn_fedgsl_gcn,1,cora,5,256,0.5,2,0.01,0,0.787868544,90.03435609,0.01,64,64,64,15,64,,
1,fedgsl,gnn_fedgsl_gcn,1,cora,5,256,0.5,2,0.01,0,0.796064213,98.29337505,0.01,64,64,64,15,64,,
2,fedgsl,gnn_fedgsl_gcn,1,cora,5,256,0.5,2,0.01,0,0.805471505,75.50487424,0.01,64,64,64,15,64,,
3,fedgsl,gnn_fedgsl_gcn,1,cora,5,256,0.5,2,0.01,0,0.796429392,89.07172859,0.01,64,64,64,15,64,,
4,fedgsl,gnn_fedgsl_gcn,1,cora,5,256,0.5,2,0.01,0,0.80750909,80.05426667,0.01,64,64,64,15,64,,
0,fedgsl,gnn_fedgsl_gcn,1,cora,5,256,0.5,2,0.01,0,0.78808867,90.32714906,0.01,64,64,64,20,64,,
1,fedgsl,gnn_fedgsl_gcn,1,cora,5,256,0.5,2,0.01,0,0.795809922,98.71958041,0.01,64,64,64,20,64,,
2,fedgsl,gnn_fedgsl_gcn,1,cora,5,256,0.5,2,0.01,0,0.805471505,75.56555384,0.01,64,64,64,20,64,,
3,fedgsl,gnn_fedgsl_gcn,1,cora,5,256,0.5,2,0.01,0,0.796607964,80.71160743,0.01,64,64,64,20,64,,
4,fedgsl,gnn_fedgsl_gcn,1,cora,5,256,0.5,2,0.01,0,0.810574358,79.96369734,0.01,64,64,64,20,64,,
0,fedgsl,gnn_fedgsl_gcn,1,cora,5,256,0.5,2,0.01,0,0.784844599,98.41639479,0.01,64,256,64,5,64,,
1,fedgsl,gnn_fedgsl_gcn,1,cora,5,256,0.5,2,0.01,0,0.799597281,81.6346701,0.01,64,256,64,5,64,,
2,fedgsl,gnn_fedgsl_gcn,1,cora,5,256,0.5,2,0.01,0,0.786256974,99.81114651,0.01,64,256,64,5,64,,
3,fedgsl,gnn_fedgsl_gcn,1,cora,5,256,0.5,2,0.01,0,0.792539305,85.61906918,0.01,64,256,64,5,64,,
4,fedgsl,gnn_fedgsl_gcn,1,cora,5,256,0.5,2,0.01,0,0.79756016,102.7096812,0.01,64,256,64,5,64,,
0,fedgsl,gnn_fedgsl_gcn,1,cora,5,256,0.5,2,0.01,0,0.784816587,92.23187302,0.01,64,256,64,10,64,,
1,fedgsl,gnn_fedgsl_gcn,1,cora,5,256,0.5,2,0.01,0,0.79819868,81.86879317,0.01,64,256,64,10,64,,
2,fedgsl,gnn_fedgsl_gcn,1,cora,5,256,0.5,2,0.01,0,0.792652677,98.22718527,0.01,64,256,64,10,64,,
3,fedgsl,gnn_fedgsl_gcn,1,cora,5,256,0.5,2,0.01,0,0.789411861,97.1323074,0.01,64,256,64,10,64,,
4,fedgsl,gnn_fedgsl_gcn,1,cora,5,256,0.5,2,0.01,0,0.798048119,77.42989069,0.01,64,256,64,10,64,,
0,fedgsl,gnn_fedgsl_gcn,1,cora,5,256,0.5,2,0.01,0,0.786978062,84.38603084,0.01,64,256,64,15,64,,
1,fedgsl,gnn_fedgsl_gcn,1,cora,5,256,0.5,2,0.01,0,0.797340034,84.35608919,0.01,64,256,64,15,64,,
2,fedgsl,gnn_fedgsl_gcn,1,cora,5,256,0.5,2,0.01,0,0.790937608,105.5869658,0.01,64,256,64,15,64,,
3,fedgsl,gnn_fedgsl_gcn,1,cora,5,256,0.5,2,0.01,0,0.801285342,100.7058823,0.01,64,256,64,15,64,,
4,fedgsl,gnn_fedgsl_gcn,1,cora,5,256,0.5,2,0.01,0,0.798048119,77.52947861,0.01,64,256,64,15,64,,
0,fedgsl,gnn_fedgsl_gcn,1,cora,5,256,0.5,2,0.01,0,0.786978062,84.92785125,0.01,64,256,64,20,64,,
1,fedgsl,gnn_fedgsl_gcn,1,cora,5,256,0.5,2,0.01,0,0.795659361,84.63518765,0.01,64,256,64,20,64,,
2,fedgsl,gnn_fedgsl_gcn,1,cora,5,256,0.5,2,0.01,0,0.792363989,104.5581852,0.01,64,256,64,20,64,,
3,fedgsl,gnn_fedgsl_gcn,1,cora,5,256,0.5,2,0.01,0,0.798219842,84.30089104,0.01,64,256,64,20,64,,
4,fedgsl,gnn_fedgsl_gcn,1,cora,5,256,0.5,2,0.01,0,0.797215912,90.17986063,0.01,64,256,64,20,64,,
0,fedgsl,gnn_fedgsl_gcn,1,cora,5,256,0.5,2,0.01,0,0.813172829,74.7920411,0.01,256,64,64,5,64,,
1,fedgsl,gnn_fedgsl_gcn,1,cora,5,256,0.5,2,0.01,0,0.79835035,140.7354277,0.01,256,64,64,5,64,,
2,fedgsl,gnn_fedgsl_gcn,1,cora,5,256,0.5,2,0.01,0,0.807055835,89.20178474,0.01,256,64,64,5,64,,
3,fedgsl,gnn_fedgsl_gcn,1,cora,5,256,0.5,2,0.01,0,0.806354367,84.17000711,0.01,256,64,64,5,64,,
4,fedgsl,gnn_fedgsl_gcn,1,cora,5,256,0.5,2,0.01,0,0.809052975,83.30636166,0.01,256,64,64,5,64,,
0,fedgsl,gnn_fedgsl_gcn,1,cora,5,256,0.5,2,0.01,0,0.813172829,74.68198807,0.01,256,64,64,10,64,,
1,fedgsl,gnn_fedgsl_gcn,1,cora,5,256,0.5,2,0.01,0,0.801917814,145.0511957,0.01,256,64,64,10,64,,
2,fedgsl,gnn_fedgsl_gcn,1,cora,5,256,0.5,2,0.01,0,0.805169043,90.34676256,0.01,256,64,64,10,64,,
3,fedgsl,gnn_fedgsl_gcn,1,cora,5,256,0.5,2,0.01,0,0.80134013,84.39002535,0.01,256,64,64,10,64,,
4,fedgsl,gnn_fedgsl_gcn,1,cora,5,256,0.5,2,0.01,0,0.807132018,83.20699692,0.01,256,64,64,10,64,,
0,fedgsl,gnn_fedgsl_gcn,1,cora,5,256,0.5,2,0.01,0,0.813172829,74.21856763,0.01,256,64,64,15,64,,
1,fedgsl,gnn_fedgsl_gcn,1,cora,5,256,0.5,2,0.01,0,0.793536079,102.6847035,0.01,256,64,64,15,64,,
2,fedgsl,gnn_fedgsl_gcn,1,cora,5,256,0.5,2,0.01,0,0.806821936,90.45152494,0.01,256,64,64,15,64,,
3,fedgsl,gnn_fedgsl_gcn,1,cora,5,256,0.5,2,0.01,0,0.80870134,75.81539189,0.01,256,64,64,15,64,,
4,fedgsl,gnn_fedgsl_gcn,1,cora,5,256,0.5,2,0.01,0,0.810197286,83.16421152,0.01,256,64,64,15,64,,
0,fedgsl,gnn_fedgsl_gcn,1,cora,5,256,0.5,2,0.01,0,0.813172829,74.76392202,0.01,256,64,64,20,64,,
1,fedgsl,gnn_fedgsl_gcn,1,cora,5,256,0.5,2,0.01,0,0.788425837,188.0587016,0.01,256,64,64,20,64,,
2,fedgsl,gnn_fedgsl_gcn,1,cora,5,256,0.5,2,0.01,0,0.805141263,89.71243178,0.01,256,64,64,20,64,,
3,fedgsl,gnn_fedgsl_gcn,1,cora,5,256,0.5,2,0.01,0,0.810382012,75.69074236,0.01,256,64,64,20,64,,
4,fedgsl,gnn_fedgsl_gcn,1,cora,5,256,0.5,2,0.01,0,0.805465351,82.96521289,0.01,256,64,64,20,64,,
0,fedgsl,gnn_fedgsl_gcn,1,cora,5,256,0.5,2,0.01,0,0.792254442,82.19060611,0.01,256,256,64,5,64,,
1,fedgsl,gnn_fedgsl_gcn,1,cora,5,256,0.5,2,0.01,0,0.79306089,81.83666027,0.01,256,256,64,5,64,,
2,fedgsl,gnn_fedgsl_gcn,1,cora,5,256,0.5,2,0.01,0,0.800319604,109.0045222,0.01,256,256,64,5,64,,
3,fedgsl,gnn_fedgsl_gcn,1,cora,5,256,0.5,2,0.01,0,0.796580184,118.2676869,0.01,256,256,64,5,64,,
4,fedgsl,gnn_fedgsl_gcn,1,cora,5,256,0.5,2,0.01,0,0.791435778,149.4876384,0.01,256,256,64,5,64,,
0,fedgsl,gnn_fedgsl_gcn,1,cora,5,256,0.5,2,0.01,0,0.792875162,82.75972469,0.01,256,256,64,10,64,,
1,fedgsl,gnn_fedgsl_gcn,1,cora,5,256,0.5,2,0.01,0,0.796126159,80.7961964,0.01,256,256,64,10,64,,
2,fedgsl,gnn_fedgsl_gcn,1,cora,5,256,0.5,2,0.01,0,0.800519338,99.42312125,0.01,256,256,64,10,64,,
3,fedgsl,gnn_fedgsl_gcn,1,cora,5,256,0.5,2,0.01,0,0.80066362,116.3735286,0.01,256,256,64,10,64,,
4,fedgsl,gnn_fedgsl_gcn,1,cora,5,256,0.5,2,0.01,0,0.789473266,78.18711876,0.01,256,256,64,10,64,,
0,fedgsl,gnn_fedgsl_gcn,1,cora,5,256,0.5,2,0.01,0,0.794528054,82.74626667,0.01,256,256,64,15,64,,
1,fedgsl,gnn_fedgsl_gcn,1,cora,5,256,0.5,2,0.01,0,0.798061122,80.62112406,0.01,256,256,64,15,64,,
2,fedgsl,gnn_fedgsl_gcn,1,cora,5,256,0.5,2,0.01,0,0.805505796,97.14545003,0.01,256,256,64,15,64,,
3,fedgsl,gnn_fedgsl_gcn,1,cora,5,256,0.5,2,0.01,0,0.800601675,110.6330795,0.01,256,256,64,15,64,,
4,fedgsl,gnn_fedgsl_gcn,1,cora,5,256,0.5,2,0.01,0,0.796683683,142.340574,0.01,256,256,64,15,64,,
0,fedgsl,gnn_fedgsl_gcn,1,cora,5,256,0.5,2,0.01,0,0.805320067,94.82513016,0.01,256,256,64,20,64,,
1,fedgsl,gnn_fedgsl_gcn,1,cora,5,256,0.5,2,0.01,0,0.801346516,80.64556638,0.01,256,256,64,20,64,,
2,fedgsl,gnn_fedgsl_gcn,1,cora,5,256,0.5,2,0.01,0,0.801794156,88.20027333,0.01,256,256,64,20,64,,
3,fedgsl,gnn_fedgsl_gcn,1,cora,5,256,0.5,2,0.01,0,0.799175293,110.8727383,0.01,256,256,64,20,64,,
4,fedgsl,gnn_fedgsl_gcn,1,cora,5,256,0.5,2,0.01,0,0.790637967,78.74780861,0.01,256,256,64,20,64,,
0,fedgsl,gnn_fedgsl_gcn,1,cora,5,256,0.5,2,0.01,0,0.794177652,83.96821442,0.01,64,64,256,5,64,,
1,fedgsl,gnn_fedgsl_gcn,1,cora,5,256,0.5,2,0.01,0,0.8081856,86.68436513,0.01,64,64,256,5,64,,
2,fedgsl,gnn_fedgsl_gcn,1,cora,5,256,0.5,2,0.01,0,0.798536542,88.12130045,0.01,64,64,256,5,64,,
3,fedgsl,gnn_fedgsl_gcn,1,cora,5,256,0.5,2,0.01,0,0.793570244,95.9677281,0.01,64,64,256,5,64,,
4,fedgsl,gnn_fedgsl_gcn,1,cora,5,256,0.5,2,0.01,0,0.810636534,75.75032063,0.01,64,64,256,5,64,,
0,fedgsl,gnn_fedgsl_gcn,1,cora,5,256,0.5,2,0.01,0,0.79252476,84.20412251,0.01,64,64,256,10,64,,
1,fedgsl,gnn_fedgsl_gcn,1,cora,5,256,0.5,2,0.01,0,0.806504928,86.7902873,0.01,64,64,256,10,64,,
2,fedgsl,gnn_fedgsl_gcn,1,cora,5,256,0.5,2,0.01,0,0.79474872,115.3956104,0.01,64,64,256,10,64,,
3,fedgsl,gnn_fedgsl_gcn,1,cora,5,256,0.5,2,0.01,0,0.795457036,96.08568087,0.01,64,64,256,10,64,,
4,fedgsl,gnn_fedgsl_gcn,1,cora,5,256,0.5,2,0.01,0,0.795745493,104.4844682,0.01,64,64,256,10,64,,
0,fedgsl,gnn_fedgsl_gcn,1,cora,5,256,0.5,2,0.01,0,0.794411552,84.04032221,0.01,64,64,256,15,64,,
1,fedgsl,gnn_fedgsl_gcn,1,cora,5,256,0.5,2,0.01,0,0.806504928,86.73660142,0.01,64,64,256,15,64,,
2,fedgsl,gnn_fedgsl_gcn,1,cora,5,256,0.5,2,0.01,0,0.79713794,88.93092664,0.01,64,64,256,15,64,,
3,fedgsl,gnn_fedgsl_gcn,1,cora,5,256,0.5,2,0.01,0,0.793570244,96.80125974,0.01,64,64,256,15,64,,
4,fedgsl,gnn_fedgsl_gcn,1,cora,5,256,0.5,2,0.01,0,0.785339175,129.6159154,0.01,64,64,256,15,64,,
0,fedgsl,gnn_fedgsl_gcn,1,cora,5,256,0.5,2,0.01,0,0.79252476,84.80186756,0.01,64,64,256,20,64,,
1,fedgsl,gnn_fedgsl_gcn,1,cora,5,256,0.5,2,0.01,0,0.80839172,87.35992924,0.01,64,64,256,20,64,,
2,fedgsl,gnn_fedgsl_gcn,1,cora,5,256,0.5,2,0.01,0,0.798536542,88.59497057,0.01,64,64,256,20,64,,
3,fedgsl,gnn_fedgsl_gcn,1,cora,5,256,0.5,2,0.01,0,0.793570244,96.77164905,0.01,64,64,256,20,64,,
4,fedgsl,gnn_fedgsl_gcn,1,cora,5,256,0.5,2,0.01,0,0.810636534,75.69665267,0.01,64,64,256,20,64,,
0,fedgsl,gnn_fedgsl_gcn,1,cora,5,256,0.5,2,0.01,0,0.792834379,106.4256768,0.01,64,256,256,5,64,,
1,fedgsl,gnn_fedgsl_gcn,1,cora,5,256,0.5,2,0.01,0,0.788824304,90.48589678,0.01,64,256,256,5,64,,
2,fedgsl,gnn_fedgsl_gcn,1,cora,5,256,0.5,2,0.01,0,0.799024501,107.7808387,0.01,64,256,256,5,64,,
3,fedgsl,gnn_fedgsl_gcn,1,cora,5,256,0.5,2,0.01,0,0.794010264,93.59088503,0.01,64,256,256,5,64,,
4,fedgsl,gnn_fedgsl_gcn,1,cora,5,256,0.5,2,0.01,0,0.798302642,82.15155311,0.01,64,256,256,5,64,,
0,fedgsl,gnn_fedgsl_gcn,1,cora,5,256,0.5,2,0.01,0,0.792346188,111.1847051,0.01,64,256,256,10,64,,
1,fedgsl,gnn_fedgsl_gcn,1,cora,5,256,0.5,2,0.01,0,0.793274399,89.62598416,0.01,64,256,256,10,64,,
2,fedgsl,gnn_fedgsl_gcn,1,cora,5,256,0.5,2,0.01,0,0.797824863,80.58644332,0.01,64,256,256,10,64,,
3,fedgsl,gnn_fedgsl_gcn,1,cora,5,256,0.5,2,0.01,0,0.786268621,91.78450707,0.01,64,256,256,10,64,,
4,fedgsl,gnn_fedgsl_gcn,1,cora,5,256,0.5,2,0.01,0,0.797497983,88.80691259,0.01,64,256,256,10,64,,
0,fedgsl,gnn_fedgsl_gcn,1,cora,5,256,0.5,2,0.01,0,0.79392313,88.70156022,0.01,64,256,256,15,64,,
1,fedgsl,gnn_fedgsl_gcn,1,cora,5,256,0.5,2,0.01,0,0.791641898,81.87865944,0.01,64,256,256,15,64,,
2,fedgsl,gnn_fedgsl_gcn,1,cora,5,256,0.5,2,0.01,0,0.795945228,108.0554054,0.01,64,256,256,15,64,,
3,fedgsl,gnn_fedgsl_gcn,1,cora,5,256,0.5,2,0.01,0,0.790456573,91.58883747,0.01,64,256,256,15,64,,
4,fedgsl,gnn_fedgsl_gcn,1,cora,5,256,0.5,2,0.01,0,0.796621969,82.15465782,0.01,64,256,256,15,64,,
0,fedgsl,gnn_fedgsl_gcn,1,cora,5,256,0.5,2,0.01,0,0.793668839,90.79558706,0.01,64,256,256,20,64,,
1,fedgsl,gnn_fedgsl_gcn,1,cora,5,256,0.5,2,0.01,0,0.791139933,88.60230974,0.01,64,256,256,20,64,,
2,fedgsl,gnn_fedgsl_gcn,1,cora,5,256,0.5,2,0.01,0,0.797824863,81.1121681,0.01,64,256,256,20,64,,
3,fedgsl,gnn_fedgsl_gcn,1,cora,5,256,0.5,2,0.01,0,0.789312263,92.66650528,0.01,64,256,256,20,64,,
4,fedgsl,gnn_fedgsl_gcn,1,cora,5,256,0.5,2,0.01,0,0.797752274,83.47905872,0.01,64,256,256,20,64,,
0,fedgsl,gnn_fedgsl_gcn,1,cora,5,256,0.5,2,0.01,0,0.800209825,81.61518534,0.01,256,64,256,5,64,,
1,fedgsl,gnn_fedgsl_gcn,1,cora,5,256,0.5,2,0.01,0,0.824273564,71.27744601,0.01,256,64,256,5,64,,
2,fedgsl,gnn_fedgsl_gcn,1,cora,5,256,0.5,2,0.01,0,0.805333841,76.30336882,0.01,256,64,256,5,64,,
3,fedgsl,gnn_fedgsl_gcn,1,cora,5,256,0.5,2,0.01,0,0.80449915,73.45366436,0.01,256,64,256,5,64,,
4,fedgsl,gnn_fedgsl_gcn,1,cora,5,256,0.5,2,0.01,0,0.802090001,76.24091045,0.01,256,64,256,5,64,,
0,fedgsl,gnn_fedgsl_gcn,1,cora,5,256,0.5,2,0.01,0,0.801890498,81.09689775,0.01,256,64,256,10,64,,
1,fedgsl,gnn_fedgsl_gcn,1,cora,5,256,0.5,2,0.01,0,0.820692094,71.29902606,0.01,256,64,256,10,64,,
2,fedgsl,gnn_fedgsl_gcn,1,cora,5,256,0.5,2,0.01,0,0.805615912,92.92378113,0.01,256,64,256,10,64,,
3,fedgsl,gnn_fedgsl_gcn,1,cora,5,256,0.5,2,0.01,0,0.805395554,71.95924246,0.01,256,64,256,10,64,,
4,fedgsl,gnn_fedgsl_gcn,1,cora,5,256,0.5,2,0.01,0,0.800203208,76.4748366,0.01,256,64,256,10,64,,
0,fedgsl,gnn_fedgsl_gcn,1,cora,5,256,0.5,2,0.01,0,0.806842558,80.85371681,0.01,256,64,256,15,64,,
1,fedgsl,gnn_fedgsl_gcn,1,cora,5,256,0.5,2,0.01,0,0.82091222,71.49843313,0.01,256,64,256,15,64,,
2,fedgsl,gnn_fedgsl_gcn,1,cora,5,256,0.5,2,0.01,0,0.803715114,77.18287559,0.01,256,64,256,15,64,,
3,fedgsl,gnn_fedgsl_gcn,1,cora,5,256,0.5,2,0.01,0,0.807034441,80.08783642,0.01,256,64,256,15,64,,
4,fedgsl,gnn_fedgsl_gcn,1,cora,5,256,0.5,2,0.01,0,0.800203208,76.42004105,0.01,256,64,256,15,64,,
0,fedgsl,gnn_fedgsl_gcn,1,cora,5,256,0.5,2,0.01,0,0.803557164,80.68489465,0.01,256,64,256,20,64,,
1,fedgsl,gnn_fedgsl_gcn,1,cora,5,256,0.5,2,0.01,0,0.819321504,71.30709609,0.01,256,64,256,20,64,,
2,fedgsl,gnn_fedgsl_gcn,1,cora,5,256,0.5,2,0.01,0,0.805347615,76.94954873,0.01,256,64,256,20,64,,
3,fedgsl,gnn_fedgsl_gcn,1,cora,5,256,0.5,2,0.01,0,0.801133778,71.4536968,0.01,256,64,256,20,64,,
4,fedgsl,gnn_fedgsl_gcn,1,cora,5,256,0.5,2,0.01,0,0.800203208,76.69316341,0.01,256,64,256,20,64,,
0,fedgsl,gnn_fedgsl_gcn,1,cora,5,256,0.5,2,0.01,0,0.78731864,113.6165127,0.01,256,256,256,5,64,,
1,fedgsl,gnn_fedgsl_gcn,1,cora,5,256,0.5,2,0.01,0,0.799185272,80.93365191,0.01,256,256,256,5,64,,
2,fedgsl,gnn_fedgsl_gcn,1,cora,5,256,0.5,2,0.01,0,0.802212782,79.10838931,0.01,256,256,256,5,64,,
3,fedgsl,gnn_fedgsl_gcn,1,cora,5,256,0.5,2,0.01,0,0.803861648,77.87446766,0.01,256,256,256,5,64,,
4,fedgsl,gnn_fedgsl_gcn,1,cora,5,256,0.5,2,0.01,0,0.800280177,93.77344849,0.01,256,256,256,5,64,,
0,fedgsl,gnn_fedgsl_gcn,1,cora,5,256,0.5,2,0.01,0,0.805969907,78.06270946,0.01,256,256,256,10,64,,
1,fedgsl,gnn_fedgsl_gcn,1,cora,5,256,0.5,2,0.01,0,0.801072065,81.16124116,0.01,256,256,256,10,64,,
2,fedgsl,gnn_fedgsl_gcn,1,cora,5,256,0.5,2,0.01,0,0.802240562,78.74156144,0.01,256,256,256,10,64,,
3,fedgsl,gnn_fedgsl_gcn,1,cora,5,256,0.5,2,0.01,0,0.805026118,86.42269455,0.01,256,256,256,10,64,,
4,fedgsl,gnn_fedgsl_gcn,1,cora,5,256,0.5,2,0.01,0,0.807003098,103.268157,0.01,256,256,256,10,64,,
0,fedgsl,gnn_fedgsl_gcn,1,cora,5,256,0.5,2,0.01,0,0.809523366,78.26798295,0.01,256,256,256,15,64,,
1,fedgsl,gnn_fedgsl_gcn,1,cora,5,256,0.5,2,0.01,0,0.801072065,80.76882342,0.01,256,256,256,15,64,,
2,fedgsl,gnn_fedgsl_gcn,1,cora,5,256,0.5,2,0.01,0,0.80081418,79.14793106,0.01,256,256,256,15,64,,
3,fedgsl,gnn_fedgsl_gcn,1,cora,5,256,0.5,2,0.01,0,0.806692784,85.86852291,0.01,256,256,256,15,64,,
4,fedgsl,gnn_fedgsl_gcn,1,cora,5,256,0.5,2,0.01,0,0.803785697,90.00113267,0.01,256,256,256,15,64,,
0,fedgsl,gnn_fedgsl_gcn,1,cora,5,256,0.5,2,0.01,0,0.810949747,78.39963263,0.01,256,256,256,20,64,,
1,fedgsl,gnn_fedgsl_gcn,1,cora,5,256,0.5,2,0.01,0,0.802752737,81.02413745,0.01,256,256,256,20,64,,
2,fedgsl,gnn_fedgsl_gcn,1,cora,5,256,0.5,2,0.01,0,0.797776461,79.69770954,0.01,256,256,256,20,64,,
3,fedgsl,gnn_fedgsl_gcn,1,cora,5,256,0.5,2,0.01,0,0.803627516,86.89699112,0.01,256,256,256,20,64,,
4,fedgsl,gnn_fedgsl_gcn,1,cora,5,256,0.5,2,0.01,0,0.802023026,104.060489,0.01,256,256,256,20,64,,
0,fedgsl,gnn_fedgsl_gcn,1,cora,5,256,0.5,3,0.01,0,0.799191658,82.32264999,0.01,64,64,64,5,64,,
1,fedgsl,gnn_fedgsl_gcn,1,cora,5,256,0.5,3,0.01,0,0.80481787,87.20854937,0.01,64,64,64,5,64,,
2,fedgsl,gnn_fedgsl_gcn,1,cora,5,256,0.5,3,0.01,0,0.792130089,82.03167086,0.01,64,64,64,5,64,,
3,fedgsl,gnn_fedgsl_gcn,1,cora,5,256,0.5,3,0.01,0,0.791469711,138.7537736,0.01,64,64,64,5,64,,
4,fedgsl,gnn_fedgsl_gcn,1,cora,5,256,0.5,3,0.01,0,0.802758891,78.63405969,0.01,64,64,64,5,64,,
0,fedgsl,gnn_fedgsl_gcn,1,cora,5,256,0.5,3,0.01,0,0.800844551,82.15027592,0.01,64,64,64,10,64,,
1,fedgsl,gnn_fedgsl_gcn,1,cora,5,256,0.5,3,0.01,0,0.80481787,87.8371994,0.01,64,64,64,10,64,,
2,fedgsl,gnn_fedgsl_gcn,1,cora,5,256,0.5,3,0.01,0,0.792130089,81.56919466,0.01,64,64,64,10,64,,
3,fedgsl,gnn_fedgsl_gcn,1,cora,5,256,0.5,3,0.01,0,0.789789039,138.8806363,0.01,64,64,64,10,64,,
4,fedgsl,gnn_fedgsl_gcn,1,cora,5,256,0.5,3,0.01,0,0.804411784,78.55216101,0.01,64,64,64,10,64,,
0,fedgsl,gnn_fedgsl_gcn,1,cora,5,256,0.5,3,0.01,0,0.797462815,89.30484688,0.01,64,64,64,15,64,,
1,fedgsl,gnn_fedgsl_gcn,1,cora,5,256,0.5,3,0.01,0,0.80481787,87.07346728,0.01,64,64,64,15,64,,
2,fedgsl,gnn_fedgsl_gcn,1,cora,5,256,0.5,3,0.01,0,0.794016881,81.81470913,0.01,64,64,64,15,64,,
3,fedgsl,gnn_fedgsl_gcn,1,cora,5,256,0.5,3,0.01,0,0.789789039,138.7018743,0.01,64,64,64,15,64,,
4,fedgsl,gnn_fedgsl_gcn,1,cora,5,256,0.5,3,0.01,0,0.804411784,78.44878166,0.01,64,64,64,15,64,,
0,fedgsl,gnn_fedgsl_gcn,1,cora,5,256,0.5,3,0.01,0,0.797510986,82.19589957,0.01,64,64,64,20,64,,
1,fedgsl,gnn_fedgsl_gcn,1,cora,5,256,0.5,3,0.01,0,0.80481787,87.13167399,0.01,64,64,64,20,64,,
2,fedgsl,gnn_fedgsl_gcn,1,cora,5,256,0.5,3,0.01,0,0.794016881,81.84110591,0.01,64,64,64,20,64,,
3,fedgsl,gnn_fedgsl_gcn,1,cora,5,256,0.5,3,0.01,0,0.789789039,139.8789761,0.01,64,64,64,20,64,,
4,fedgsl,gnn_fedgsl_gcn,1,cora,5,256,0.5,3,0.01,0,0.802758891,78.39368943,0.01,64,64,64,20,64,,
0,fedgsl,gnn_fedgsl_gcn,1,cora,5,256,0.5,3,0.01,0,0.791153938,80.90985072,0.01,64,256,64,5,64,,
1,fedgsl,gnn_fedgsl_gcn,1,cora,5,256,0.5,3,0.01,0,0.805532573,84.74267187,0.01,64,256,64,5,64,,
2,fedgsl,gnn_fedgsl_gcn,1,cora,5,256,0.5,3,0.01,0,0.79213032,84.29404733,0.01,64,256,64,5,64,,
3,fedgsl,gnn_fedgsl_gcn,1,cora,5,256,0.5,3,0.01,0,0.795140569,87.71238474,0.01,64,256,64,5,64,,
4,fedgsl,gnn_fedgsl_gcn,1,cora,5,256,0.5,3,0.01,0,0.80019582,79.9582781,0.01,64,256,64,5,64,,
0,fedgsl,gnn_fedgsl_gcn,1,cora,5,256,0.5,3,0.01,0,0.791408229,81.0695215,0.01,64,256,64,10,64,,
1,fedgsl,gnn_fedgsl_gcn,1,cora,5,256,0.5,3,0.01,0,0.805085935,84.8930995,0.01,64,256,64,10,64,,
2,fedgsl,gnn_fedgsl_gcn,1,cora,5,256,0.5,3,0.01,0,0.793542927,84.17806134,0.01,64,256,64,10,64,,
3,fedgsl,gnn_fedgsl_gcn,1,cora,5,256,0.5,3,0.01,0,0.801793693,82.02439122,0.01,64,256,64,10,64,,
4,fedgsl,gnn_fedgsl_gcn,1,cora,5,256,0.5,3,0.01,0,0.803339523,184.6147769,0.01,64,256,64,10,64,,
0,fedgsl,gnn_fedgsl_gcn,1,cora,5,256,0.5,3,0.01,0,0.787281759,84.71576593,0.01,64,256,64,15,64,,
1,fedgsl,gnn_fedgsl_gcn,1,cora,5,256,0.5,3,0.01,0,0.80060806,85.00493605,0.01,64,256,64,15,64,,
2,fedgsl,gnn_fedgsl_gcn,1,cora,5,256,0.5,3,0.01,0,0.791862255,83.98504649,0.01,64,256,64,15,64,,
3,fedgsl,gnn_fedgsl_gcn,1,cora,5,256,0.5,3,0.01,0,0.802137709,78.73544348,0.01,64,256,64,15,64,,
4,fedgsl,gnn_fedgsl_gcn,1,cora,5,256,0.5,3,0.01,0,0.805020195,184.6928448,0.01,64,256,64,15,64,,
0,fedgsl,gnn_fedgsl_gcn,1,cora,5,256,0.5,3,0.01,0,0.787281759,84.64668556,0.01,64,256,64,20,64,,
1,fedgsl,gnn_fedgsl_gcn,1,cora,5,256,0.5,3,0.01,0,0.8004221,83.83436071,0.01,64,256,64,20,64,,
2,fedgsl,gnn_fedgsl_gcn,1,cora,5,256,0.5,3,0.01,0,0.791862255,84.00888207,0.01,64,256,64,20,64,,
3,fedgsl,gnn_fedgsl_gcn,1,cora,5,256,0.5,3,0.01,0,0.802999948,80.59864047,0.01,64,256,64,20,64,,
4,fedgsl,gnn_fedgsl_gcn,1,cora,5,256,0.5,3,0.01,0,0.810240321,184.5933409,0.01,64,256,64,20,64,,
0,fedgsl,gnn_fedgsl_gcn,1,cora,5,256,0.5,3,0.01,0,0.80608607,82.86482826,0.01,256,64,64,5,64,,
1,fedgsl,gnn_fedgsl_gcn,1,cora,5,256,0.5,3,0.01,0,0.798810993,75.48112394,0.01,256,64,64,5,64,,
2,fedgsl,gnn_fedgsl_gcn,1,cora,5,256,0.5,3,0.01,0,0.795457036,112.2537986,0.01,256,64,64,5,64,,
3,fedgsl,gnn_fedgsl_gcn,1,cora,5,256,0.5,3,0.01,0,0.803955631,74.31874758,0.01,256,64,64,5,64,,
4,fedgsl,gnn_fedgsl_gcn,1,cora,5,256,0.5,3,0.01,0,0.809027217,69.23393677,0.01,256,64,64,5,64,,
0,fedgsl,gnn_fedgsl_gcn,1,cora,5,256,0.5,3,0.01,0,0.804199278,83.625459,0.01,256,64,64,10,64,,
1,fedgsl,gnn_fedgsl_gcn,1,cora,5,256,0.5,3,0.01,0,0.798810993,75.54776825,0.01,256,64,64,10,64,,
2,fedgsl,gnn_fedgsl_gcn,1,cora,5,256,0.5,3,0.01,0,0.796889803,110.8618834,0.01,256,64,64,10,64,,
3,fedgsl,gnn_fedgsl_gcn,1,cora,5,256,0.5,3,0.01,0,0.801560024,96.0597463,0.01,256,64,64,10,64,,
4,fedgsl,gnn_fedgsl_gcn,1,cora,5,256,0.5,3,0.01,0,0.80736055,69.31947756,0.01,256,64,64,10,64,,
0,fedgsl,gnn_fedgsl_gcn,1,cora,5,256,0.5,3,0.01,0,0.80608607,83.6459071,0.01,256,64,64,15,64,,
1,fedgsl,gnn_fedgsl_gcn,1,cora,5,256,0.5,3,0.01,0,0.799975694,75.27813182,0.01,256,64,64,15,64,,
2,fedgsl,gnn_fedgsl_gcn,1,cora,5,256,0.5,3,0.01,0,0.793528459,108.6186901,0.01,256,64,64,15,64,,
3,fedgsl,gnn_fedgsl_gcn,1,cora,5,256,0.5,3,0.01,0,0.799673232,95.72060553,0.01,256,64,64,15,64,,
4,fedgsl,gnn_fedgsl_gcn,1,cora,5,256,0.5,3,0.01,0,0.809027217,69.18819032,0.01,256,64,64,15,64,,
0,fedgsl,gnn_fedgsl_gcn,1,cora,5,256,0.5,3,0.01,0,0.80608607,83.6004106,0.01,256,64,64,20,64,,
1,fedgsl,gnn_fedgsl_gcn,1,cora,5,256,0.5,3,0.01,0,0.7969242,75.44146553,0.01,256,64,64,20,64,,
2,fedgsl,gnn_fedgsl_gcn,1,cora,5,256,0.5,3,0.01,0,0.798801014,104.4278983,0.01,256,64,64,20,64,,
3,fedgsl,gnn_fedgsl_gcn,1,cora,5,256,0.5,3,0.01,0,0.798763053,80.46950903,0.01,256,64,64,20,64,,
4,fedgsl,gnn_fedgsl_gcn,1,cora,5,256,0.5,3,0.01,0,0.809027217,69.0591548,0.01,256,64,64,20,64,,
0,fedgsl,gnn_fedgsl_gcn,1,cora,5,256,0.5,3,0.01,0,0.800893724,77.41229013,0.01,256,256,64,5,64,,
1,fedgsl,gnn_fedgsl_gcn,1,cora,5,256,0.5,3,0.01,0,0.798522536,85.29291713,0.01,256,256,64,5,64,,
2,fedgsl,gnn_fedgsl_gcn,1,cora,5,256,0.5,3,0.01,0,0.811910783,84.31589286,0.01,256,256,64,5,64,,
3,fedgsl,gnn_fedgsl_gcn,1,cora,5,256,0.5,3,0.01,0,0.815196408,83.29634051,0.01,256,256,64,5,64,,
4,fedgsl,gnn_fedgsl_gcn,1,cora,5,256,0.5,3,0.01,0,0.800601906,80.17717801,0.01,256,256,64,5,64,,
0,fedgsl,gnn_fedgsl_gcn,1,cora,5,256,0.5,3,0.01,0,0.800893724,77.36743503,0.01,256,256,64,10,64,,
1,fedgsl,gnn_fedgsl_gcn,1,cora,5,256,0.5,3,0.01,0,0.798522536,85.58598629,0.01,256,256,64,10,64,,
2,fedgsl,gnn_fedgsl_gcn,1,cora,5,256,0.5,3,0.01,0,0.814962277,83.67438655,0.01,256,256,64,10,64,,
3,fedgsl,gnn_fedgsl_gcn,1,cora,5,256,0.5,3,0.01,0,0.813797807,83.33147005,0.01,256,256,64,10,64,,
4,fedgsl,gnn_fedgsl_gcn,1,cora,5,256,0.5,3,0.01,0,0.802000507,79.68712093,0.01,256,256,64,10,64,,
0,fedgsl,gnn_fedgsl_gcn,1,cora,5,256,0.5,3,0.01,0,0.802546617,77.06274256,0.01,256,256,64,15,64,,
1,fedgsl,gnn_fedgsl_gcn,1,cora,5,256,0.5,3,0.01,0,0.798253237,115.0365135,0.01,256,256,64,15,64,,
2,fedgsl,gnn_fedgsl_gcn,1,cora,5,256,0.5,3,0.01,0,0.799251013,95.7369585,0.01,256,256,64,15,64,,
3,fedgsl,gnn_fedgsl_gcn,1,cora,5,256,0.5,3,0.01,0,0.811911014,83.69921882,0.01,256,256,64,15,64,,
4,fedgsl,gnn_fedgsl_gcn,1,cora,5,256,0.5,3,0.01,0,0.802000507,80.32307352,0.01,256,256,64,15,64,,
0,fedgsl,gnn_fedgsl_gcn,1,cora,5,256,0.5,3,0.01,0,0.800893724,77.13821435,0.01,256,256,64,20,64,,
1,fedgsl,gnn_fedgsl_gcn,1,cora,5,256,0.5,3,0.01,0,0.796841864,85.70475118,0.01,256,256,64,20,64,,
2,fedgsl,gnn_fedgsl_gcn,1,cora,5,256,0.5,3,0.01,0,0.811642717,82.67436666,0.01,256,256,64,20,64,,
3,fedgsl,gnn_fedgsl_gcn,1,cora,5,256,0.5,3,0.01,0,0.811911014,83.70960019,0.01,256,256,64,20,64,,
4,fedgsl,gnn_fedgsl_gcn,1,cora,5,256,0.5,3,0.01,0,0.802000507,80.54910761,0.01,256,256,64,20,64,,
0,fedgsl,gnn_fedgsl_gcn,1,cora,5,256,0.5,3,0.01,0,0.793432918,86.43752637,0.01,64,64,256,5,64,,
1,fedgsl,gnn_fedgsl_gcn,1,cora,5,256,0.5,3,0.01,0,0.806711048,83.55715557,0.01,64,64,256,5,64,,
2,fedgsl,gnn_fedgsl_gcn,1,cora,5,256,0.5,3,0.01,0,0.800209825,81.54878403,0.01,64,64,256,5,64,,
3,fedgsl,gnn_fedgsl_gcn,1,cora,5,256,0.5,3,0.01,0,0.787435913,86.08300335,0.01,64,64,256,5,64,,
4,fedgsl,gnn_fedgsl_gcn,1,cora,5,256,0.5,3,0.01,0,0.808227154,72.47746474,0.01,64,64,256,5,64,,
0,fedgsl,gnn_fedgsl_gcn,1,cora,5,256,0.5,3,0.01,0,0.793432918,86.25809427,0.01,64,64,256,10,64,,
1,fedgsl,gnn_fedgsl_gcn,1,cora,5,256,0.5,3,0.01,0,0.810250733,83.05236254,0.01,64,64,256,10,64,,
2,fedgsl,gnn_fedgsl_gcn,1,cora,5,256,0.5,3,0.01,0,0.802096618,81.76722527,0.01,64,64,256,10,64,,
3,fedgsl,gnn_fedgsl_gcn,1,cora,5,256,0.5,3,0.01,0,0.78554912,85.94716256,0.01,64,64,256,10,64,,
4,fedgsl,gnn_fedgsl_gcn,1,cora,5,256,0.5,3,0.01,0,0.806828553,72.38106453,0.01,64,64,256,10,64,,
0,fedgsl,gnn_fedgsl_gcn,1,cora,5,256,0.5,3,0.01,0,0.786745397,94.66649337,0.01,64,64,256,15,64,,
1,fedgsl,gnn_fedgsl_gcn,1,cora,5,256,0.5,3,0.01,0,0.810016833,80.97383775,0.01,64,64,256,15,64,,
2,fedgsl,gnn_fedgsl_gcn,1,cora,5,256,0.5,3,0.01,0,0.802096618,81.73741637,0.01,64,64,256,15,64,,
3,fedgsl,gnn_fedgsl_gcn,1,cora,5,256,0.5,3,0.01,0,0.787435913,86.00806655,0.01,64,64,256,15,64,,
4,fedgsl,gnn_fedgsl_gcn,1,cora,5,256,0.5,3,0.01,0,0.806828553,72.30371144,0.01,64,64,256,15,64,,
0,fedgsl,gnn_fedgsl_gcn,1,cora,5,256,0.5,3,0.01,0,0.791780025,86.08126884,0.01,64,64,256,20,64,,
1,fedgsl,gnn_fedgsl_gcn,1,cora,5,256,0.5,3,0.01,0,0.810250733,83.03729,0.01,64,64,256,20,64,,
2,fedgsl,gnn_fedgsl_gcn,1,cora,5,256,0.5,3,0.01,0,0.802096618,81.85366545,0.01,64,64,256,20,64,,
3,fedgsl,gnn_fedgsl_gcn,1,cora,5,256,0.5,3,0.01,0,0.787435913,85.90856899,0.01,64,64,256,20,64,,
4,fedgsl,gnn_fedgsl_gcn,1,cora,5,256,0.5,3,0.01,0,0.808495219,72.21097568,0.01,64,64,256,20,64,,
0,fedgsl,gnn_fedgsl_gcn,1,cora,5,256,0.5,3,0.01,0,0.808048582,72.35253536,0.01,64,256,256,5,64,,
1,fedgsl,gnn_fedgsl_gcn,1,cora,5,256,0.5,3,0.01,0,0.795223137,98.81766126,0.01,64,256,256,5,64,,
2,fedgsl,gnn_fedgsl_gcn,1,cora,5,256,0.5,3,0.01,0,0.807791161,86.30409563,0.01,64,256,256,5,64,,
3,fedgsl,gnn_fedgsl_gcn,1,cora,5,256,0.5,3,0.01,0,0.798948551,85.93532254,0.01,64,256,256,5,64,,
4,fedgsl,gnn_fedgsl_gcn,1,cora,5,256,0.5,3,0.01,0,0.802068838,75.94893352,0.01,64,256,256,5,64,,
0,fedgsl,gnn_fedgsl_gcn,1,cora,5,256,0.5,3,0.01,0,0.799982851,75.96028666,0.01,64,256,256,10,64,,
1,fedgsl,gnn_fedgsl_gcn,1,cora,5,256,0.5,3,0.01,0,0.796876029,91.86583031,0.01,64,256,256,10,64,,
2,fedgsl,gnn_fedgsl_gcn,1,cora,5,256,0.5,3,0.01,0,0.806138268,86.06998905,0.01,64,256,256,10,64,,
3,fedgsl,gnn_fedgsl_gcn,1,cora,5,256,0.5,3,0.01,0,0.795821337,97.79330721,0.01,64,256,256,10,64,,
4,fedgsl,gnn_fedgsl_gcn,1,cora,5,256,0.5,3,0.01,0,0.802068838,75.44437375,0.01,64,256,256,10,64,,
0,fedgsl,gnn_fedgsl_gcn,1,cora,5,256,0.5,3,0.01,0,0.798329958,76.40185243,0.01,64,256,256,15,64,,
1,fedgsl,gnn_fedgsl_gcn,1,cora,5,256,0.5,3,0.01,0,0.799707629,81.81426015,0.01,64,256,256,15,64,,
2,fedgsl,gnn_fedgsl_gcn,1,cora,5,256,0.5,3,0.01,0,0.807268804,86.01718546,0.01,64,256,256,15,64,,
3,fedgsl,gnn_fedgsl_gcn,1,cora,5,256,0.5,3,0.01,0,0.795821337,98.02604029,0.01,64,256,256,15,64,,
4,fedgsl,gnn_fedgsl_gcn,1,cora,5,256,0.5,3,0.01,0,0.801566642,80.10999328,0.01,64,256,256,15,64,,
0,fedgsl,gnn_fedgsl_gcn,1,cora,5,256,0.5,3,0.01,0,0.795030791,78.04757384,0.01,64,256,256,20,64,,
1,fedgsl,gnn_fedgsl_gcn,1,cora,5,256,0.5,3,0.01,0,0.799707629,81.67545564,0.01,64,256,256,20,64,,
2,fedgsl,gnn_fedgsl_gcn,1,cora,5,256,0.5,3,0.01,0,0.807268804,86.1811607,0.01,64,256,256,20,64,,
3,fedgsl,gnn_fedgsl_gcn,1,cora,5,256,0.5,3,0.01,0,0.795821337,97.46221,0.01,64,256,256,20,64,,
4,fedgsl,gnn_fedgsl_gcn,1,cora,5,256,0.5,3,0.01,0,0.803199374,74.99160275,0.01,64,256,256,20,64,,
0,fedgsl,gnn_fedgsl_gcn,1,cora,5,256,0.5,3,0.01,0,0.807972863,71.52229062,0.01,256,64,256,5,64,,
1,fedgsl,gnn_fedgsl_gcn,1,cora,5,256,0.5,3,0.01,0,0.798921002,67.68338884,0.01,256,64,256,5,64,,
2,fedgsl,gnn_fedgsl_gcn,1,cora,5,256,0.5,3,0.01,0,0.805996346,82.69742841,0.01,256,64,256,5,64,,
3,fedgsl,gnn_fedgsl_gcn,1,cora,5,256,0.5,3,0.01,0,0.804299184,68.84079515,0.01,256,64,256,5,64,,
4,fedgsl,gnn_fedgsl_gcn,1,cora,5,256,0.5,3,0.01,0,0.809185504,68.48990148,0.01,256,64,256,5,64,,
0,fedgsl,gnn_fedgsl_gcn,1,cora,5,256,0.5,3,0.01,0,0.806574262,71.67394234,0.01,256,64,256,10,64,,
1,fedgsl,gnn_fedgsl_gcn,1,cora,5,256,0.5,3,0.01,0,0.798906997,67.87925824,0.01,256,64,256,10,64,,
2,fedgsl,gnn_fedgsl_gcn,1,cora,5,256,0.5,3,0.01,0,0.801560024,95.65607294,0.01,256,64,256,10,64,,
3,fedgsl,gnn_fedgsl_gcn,1,cora,5,256,0.5,3,0.01,0,0.80101379,69.21619502,0.01,256,64,256,10,64,,
4,fedgsl,gnn_fedgsl_gcn,1,cora,5,256,0.5,3,0.01,0,0.805851939,68.51245791,0.01,256,64,256,10,64,,
0,fedgsl,gnn_fedgsl_gcn,1,cora,5,256,0.5,3,0.01,0,0.806574262,71.58367068,0.01,256,64,256,15,64,,
1,fedgsl,gnn_fedgsl_gcn,1,cora,5,256,0.5,3,0.01,0,0.798906997,67.98089889,0.01,256,64,256,15,64,,
2,fedgsl,gnn_fedgsl_gcn,1,cora,5,256,0.5,3,0.01,0,0.804343453,82.72555826,0.01,256,64,256,15,64,,
3,fedgsl,gnn_fedgsl_gcn,1,cora,5,256,0.5,3,0.01,0,0.803433043,107.8573135,0.01,256,64,256,15,64,,
4,fedgsl,gnn_fedgsl_gcn,1,cora,5,256,0.5,3,0.01,0,0.807532611,68.41983868,0.01,256,64,256,15,64,,
0,fedgsl,gnn_fedgsl_gcn,1,cora,5,256,0.5,3,0.01,0,0.807972863,71.57772442,0.01,256,64,256,20,64,,
1,fedgsl,gnn_fedgsl_gcn,1,cora,5,256,0.5,3,0.01,0,0.798920771,68.09994725,0.01,256,64,256,20,64,,
2,fedgsl,gnn_fedgsl_gcn,1,cora,5,256,0.5,3,0.01,0,0.802690561,82.82532668,0.01,256,64,256,20,64,,
3,fedgsl,gnn_fedgsl_gcn,1,cora,5,256,0.5,3,0.01,0,0.805319835,106.5939978,0.01,256,64,256,20,64,,
4,fedgsl,gnn_fedgsl_gcn,1,cora,5,256,0.5,3,0.01,0,0.807532611,68.61706266,0.01,256,64,256,20,64,,
0,fedgsl,gnn_fedgsl_gcn,1,cora,5,256,0.5,3,0.01,0,0.804439795,82.00024552,0.01,256,256,256,5,64,,
1,fedgsl,gnn_fedgsl_gcn,1,cora,5,256,0.5,3,0.01,0,0.824585899,70.84992014,0.01,256,256,256,5,64,,
2,fedgsl,gnn_fedgsl_gcn,1,cora,5,256,0.5,3,0.01,0,0.813915311,70.80235217,0.01,256,256,256,5,64,,
3,fedgsl,gnn_fedgsl_gcn,1,cora,5,256,0.5,3,0.01,0,0.814240417,81.25139264,0.01,256,256,256,5,64,,
4,fedgsl,gnn_fedgsl_gcn,1,cora,5,256,0.5,3,0.01,0,0.817795217,74.32785791,0.01,256,256,256,5,64,,
0,fedgsl,gnn_fedgsl_gcn,1,cora,5,256,0.5,3,0.01,0,0.807457124,81.63880256,0.01,256,256,256,10,64,,
1,fedgsl,gnn_fedgsl_gcn,1,cora,5,256,0.5,3,0.01,0,0.826238791,70.88373343,0.01,256,256,256,10,64,,
2,fedgsl,gnn_fedgsl_gcn,1,cora,5,256,0.5,3,0.01,0,0.815581978,70.67767985,0.01,256,256,256,10,64,,
3,fedgsl,gnn_fedgsl_gcn,1,cora,5,256,0.5,3,0.01,0,0.814240417,81.65123951,0.01,256,256,256,10,64,,
4,fedgsl,gnn_fedgsl_gcn,1,cora,5,256,0.5,3,0.01,0,0.811114313,73.78714615,0.01,256,256,256,10,64,,
0,fedgsl,gnn_fedgsl_gcn,1,cora,5,256,0.5,3,0.01,0,0.806058522,81.53380212,0.01,256,256,256,15,64,,
1,fedgsl,gnn_fedgsl_gcn,1,cora,5,256,0.5,3,0.01,0,0.828125584,70.93400335,0.01,256,256,256,15,64,,
2,fedgsl,gnn_fedgsl_gcn,1,cora,5,256,0.5,3,0.01,0,0.815581978,70.59789357,0.01,256,256,256,15,64,,
3,fedgsl,gnn_fedgsl_gcn,1,cora,5,256,0.5,3,0.01,0,0.815907084,81.82113802,0.01,256,256,256,15,64,,
4,fedgsl,gnn_fedgsl_gcn,1,cora,5,256,0.5,3,0.01,0,0.81278098,73.39015458,0.01,256,256,256,15,64,,
0,fedgsl,gnn_fedgsl_gcn,1,cora,5,256,0.5,3,0.01,0,0.807457124,81.49626286,0.01,256,256,256,20,64,,
1,fedgsl,gnn_fedgsl_gcn,1,cora,5,256,0.5,3,0.01,0,0.826472691,71.09652176,0.01,256,256,256,20,64,,
2,fedgsl,gnn_fedgsl_gcn,1,cora,5,256,0.5,3,0.01,0,0.815581978,70.63742431,0.01,256,256,256,20,64,,
3,fedgsl,gnn_fedgsl_gcn,1,cora,5,256,0.5,3,0.01,0,0.81264947,73.52972951,0.01,256,256,256,20,64,,
4,fedgsl,gnn_fedgsl_gcn,1,cora,5,256,0.5,3,0.01,0,0.814179581,73.48632141,0.01,256,256,256,20,64,,
0,fedgsl,gnn_fedgsl_gcn,1,cora,5,256,0.5,2,0.001,0.0,0.7894592603441357,88.15631070137024,0.001,64,64,64,5,64
0,fedgsl,gnn_fedgsl_gcn,1,cora,5,256,0.5,2,0.001,0.0,0.7894592603441357,88.16992721557617,0.001,64,64,64,10,64
0,fedgsl,gnn_fedgsl_gcn,1,cora,5,256,0.5,2,0.001,0.0,0.7894592603441357,88.17986323833466,0.001,64,64,64,15,64
0,fedgsl,gnn_fedgsl_gcn,1,cora,5,256,0.5,2,0.001,0.0,0.7894592603441357,88.1746529340744,0.001,64,64,64,20,64
0,fedgsl,gnn_fedgsl_gcn,1,cora,5,256,0.5,2,0.001,0.0,0.7894592603441357,88.22798033952714,0.001,64,64,64,25,64
0,fedgsl,gnn_fedgsl_gcn,1,cora,5,256,0.5,2,0.001,0.0,0.7930129509611904,85.59772485494614,0.001,64,64,64,30,64
0,fedgsl,gnn_fedgsl_gcn,1,cora,5,256,0.5,2,0.001,0.0,0.7930129509611904,85.59991953372955,0.001,64,64,64,35,64
0,fedgsl,gnn_fedgsl_gcn,1,cora,5,256,0.5,2,0.001,0.0,0.7894592603441357,88.2703872680664,0.001,64,64,64,40,64
0,fedgsl,gnn_fedgsl_gcn,1,cora,5,256,0.5,1,0.01,0.0,0.824952558792232,72.06864111423492,0.01,256,256,256,5,64
0,fedgsl,gnn_fedgsl_gcn,1,cora,5,256,0.5,1,0.01,0.0,0.8153098858562485,72.49824563264846,0.01,256,256,256,10,64
0,fedgsl,gnn_fedgsl_gcn,1,cora,5,256,0.5,1,0.01,0.0,0.8216671649408003,72.37617236375809,0.01,256,256,256,15,64
0,fedgsl,gnn_fedgsl_gcn,1,cora,5,256,0.5,1,0.01,0.0,0.8131614138056475,74.50305060148239,0.01,256,256,256,20,64
0,fedgsl,gnn_fedgsl_gcn,1,cora,5,256,0.5,1,0.01,0.0,0.8117905921139702,74.73216342926025,0.01,256,256,256,25,64
0,fedgsl,gnn_fedgsl_gcn,1,cora,5,256,0.5,1,0.01,0.0,0.8087113184464613,74.46037315130233,0.01,256,256,256,30,64
0,fedgsl,gnn_fedgsl_gcn,1,cora,5,256,0.5,1,0.01,0.0,0.8167288785273852,73.99528779983521,0.01,256,256,256,35,64
0,fedgsl,gnn_fedgsl_gcn,1,cora,5,256,0.5,1,0.01,0.0,0.8167288785273852,72.34245175123215,0.01,256,256,256,40,64
